 batch,IMC_val,history_count,variance,stdv,rel_err,batch_time
1,  1.2529402E+01,1000,  0.0000000E+00,  0.0000000E+00,  2.2733647E+01,  3.7000049E-05
2,  1.2498963E+01,1010,  4.5914364E-07,  6.7760139E-04,  2.2675988E+01,  5.0000381E-06
3,  1.2602709E+01,1020,  5.5818768E-06,  2.3625996E-03,  2.2872508E+01,  5.0000381E-06
4,  1.2297617E+01,1030,  4.9662167E-05,  7.0471389E-03,  2.2294591E+01,  1.7999904E-05
5,  1.2451860E+01,1040,  4.9891699E-05,  7.0634056E-03,  2.2586763E+01,  1.5000114E-05
6,  1.2549602E+01,1050,  5.3706718E-05,  7.3284867E-03,  2.2771910E+01,  2.4999958E-05
7,  1.2350419E+01,1060,  6.8600195E-05,  8.2825235E-03,  2.2394610E+01,  2.4999958E-05
8,  1.2696787E+01,1070,  1.1055839E-04,  1.0514675E-02,  2.3050713E+01,  2.4999958E-05
9,  1.2509135E+01,1080,  1.0965169E-04,  1.0471470E-02,  2.2695256E+01,  2.4999958E-05
10,  1.2538234E+01,1090,  1.0994963E-04,  1.0485687E-02,  2.2750377E+01,  2.1999935E-05
11,  1.2603847E+01,1100,  1.1745004E-04,  1.0837437E-02,  2.2874663E+01,  2.5999965E-05
12,  1.2423117E+01,1111,  1.2276465E-04,  1.1079921E-02,  2.2532318E+01,  2.5999965E-05
13,  1.2508229E+01,1122,  1.2157266E-04,  1.1025999E-02,  2.2693540E+01,  2.5999965E-05
14,  1.1994029E+01,1133,  3.3423579E-04,  1.8282117E-02,  2.1719522E+01,  2.1000160E-05
15,  1.2572307E+01,1144,  3.3987954E-04,  1.8435822E-02,  2.2814918E+01,  2.3999950E-05
16,  1.2332015E+01,1155,  3.5326831E-04,  1.8795433E-02,  2.2359749E+01,  2.6999973E-05
17,  1.2621518E+01,1166,  3.6943622E-04,  1.9220724E-02,  2.2908136E+01,  2.7999980E-05
18,  1.2246149E+01,1177,  4.0814486E-04,  2.0202595E-02,  2.2197098E+01,  2.6999973E-05
19,  1.2187481E+01,1188,  4.6475163E-04,  2.1558099E-02,  2.2085967E+01,  2.3999950E-05
20,  1.2589547E+01,1199,  4.7635539E-04,  2.1825567E-02,  2.2847574E+01,  2.7999980E-05
21,  1.2885669E+01,1210,  6.1802760E-04,  2.4860161E-02,  2.3408499E+01,  2.7999980E-05
22,  1.2547852E+01,1222,  6.1602916E-04,  2.4819935E-02,  2.2768595E+01,  2.7999980E-05
23,  1.2632176E+01,1234,  6.2825174E-04,  2.5064950E-02,  2.2928324E+01,  2.5999965E-05
24,  1.2301337E+01,1246,  6.4832978E-04,  2.5462321E-02,  2.2301637E+01,  2.9999996E-05
25,  1.2536940E+01,1258,  6.4480109E-04,  2.5392934E-02,  2.2747925E+01,  2.8999988E-05
26,  1.2344110E+01,1270,  6.5275299E-04,  2.5549031E-02,  2.2382659E+01,  2.9999996E-05
27,  1.2776938E+01,1282,  7.1515243E-04,  2.6742334E-02,  2.3202538E+01,  2.3999950E-05
28,  1.2523161E+01,1294,  7.0953288E-04,  2.6637058E-02,  2.2721824E+01,  1.9000145E-05
29,  1.2411818E+01,1306,  7.0725081E-04,  2.6594188E-02,  2.2510914E+01,  1.7999904E-05
30,  1.2520183E+01,1319,  7.0118639E-04,  2.6479924E-02,  2.2716183E+01,  1.7999904E-05
31,  1.2424970E+01,1332,  6.9705529E-04,  2.6401805E-02,  2.2535827E+01,  1.9000145E-05
32,  1.2514834E+01,1345,  6.9099234E-04,  2.6286733E-02,  2.2706051E+01,  1.7999904E-05
33,  1.2351795E+01,1358,  6.9706967E-04,  2.6402077E-02,  2.2397216E+01,  1.8999912E-05
34,  1.2614937E+01,1371,  7.0315421E-04,  2.6517055E-02,  2.2895670E+01,  1.8999912E-05
35,  1.2480264E+01,1384,  6.9656035E-04,  2.6392430E-02,  2.2640567E+01,  1.8999912E-05
36,  1.2599504E+01,1397,  6.9922782E-04,  2.6442916E-02,  2.2866436E+01,  2.1000160E-05
37,  1.2889546E+01,1410,  8.0409621E-04,  2.8356590E-02,  2.3415843E+01,  2.0000152E-05
38,  1.2055423E+01,1424,  9.3075261E-04,  3.0508238E-02,  2.1835818E+01,  1.9999919E-05
39,  1.2341994E+01,1438,  9.3598552E-04,  3.0593880E-02,  2.2378651E+01,  1.9999919E-05
40,  1.2804644E+01,1452,  9.9625634E-04,  3.1563529E-02,  2.3255020E+01,  2.0000152E-05
41,  1.2791364E+01,1466,  1.0466060E-03,  3.2351291E-02,  2.3229864E+01,  1.9999919E-05
42,  1.2277163E+01,1480,  1.0691335E-03,  3.2697607E-02,  2.2255846E+01,  2.0999927E-05
43,  1.2342049E+01,1494,  1.0741264E-03,  3.2773868E-02,  2.2378755E+01,  2.0999927E-05
44,  1.2323626E+01,1508,  1.0821064E-03,  3.2895385E-02,  2.2343858E+01,  2.1000160E-05
45,  1.2978876E+01,1523,  1.2273433E-03,  3.5033460E-02,  2.3585057E+01,  2.0999927E-05
46,  1.2468821E+01,1538,  1.2158780E-03,  3.4869443E-02,  2.2618892E+01,  2.0999927E-05
47,  1.2704728E+01,1553,  1.2314472E-03,  3.5091982E-02,  2.3065756E+01,  2.1999935E-05
48,  1.2536317E+01,1568,  1.2204380E-03,  3.4934767E-02,  2.2746744E+01,  3.5000034E-05
49,  1.2328983E+01,1583,  1.2273486E-03,  3.5033536E-02,  2.2354006E+01,  3.7000049E-05
50,  1.2459021E+01,1598,  1.2167637E-03,  3.4882140E-02,  2.2600329E+01,  3.7000049E-05
51,  1.2547172E+01,1613,  1.2069457E-03,  3.4741124E-02,  2.2767307E+01,  3.8000057E-05
52,  1.2374710E+01,1629,  1.2043028E-03,  3.4703067E-02,  2.2440624E+01,  3.4999801E-05
53,  1.2325135E+01,1645,  1.2100129E-03,  3.4785240E-02,  2.2346716E+01,  3.8000057E-05
54,  1.2662580E+01,1661,  1.2153909E-03,  3.4862457E-02,  2.2985917E+01,  3.9000064E-05
55,  1.2540416E+01,1677,  1.2049461E-03,  3.4712333E-02,  2.2754509E+01,  3.6000041E-05
56,  1.2416805E+01,1693,  1.1972630E-03,  3.4601488E-02,  2.2520360E+01,  4.0000072E-05
57,  1.2422345E+01,1709,  1.1891119E-03,  3.4483502E-02,  2.2530856E+01,  4.0000072E-05
58,  1.2576396E+01,1726,  1.1812558E-03,  3.4369402E-02,  2.2822665E+01,  3.9999839E-05
59,  1.2258962E+01,1743,  1.2012954E-03,  3.4659709E-02,  2.2221370E+01,  3.5000034E-05
60,  1.2166622E+01,1760,  1.2486765E-03,  3.5336618E-02,  2.2046455E+01,  2.7999980E-05
61,  1.2510484E+01,1777,  1.2370547E-03,  3.5171789E-02,  2.2697812E+01,  2.8999988E-05
62,  1.2395461E+01,1794,  1.2298691E-03,  3.5069489E-02,  2.2479930E+01,  4.2999862E-05
63,  1.2584265E+01,1811,  1.2236769E-03,  3.4981093E-02,  2.2837569E+01,  4.4000102E-05
64,  1.2390107E+01,1829,  1.2166374E-03,  3.4880330E-02,  2.2469789E+01,  3.9999839E-05
65,  1.2527860E+01,1847,  1.2057516E-03,  3.4723934E-02,  2.2730726E+01,  3.4000026E-05
66,  1.2367625E+01,1865,  1.2014758E-03,  3.4662311E-02,  2.2427202E+01,  3.5000034E-05
67,  1.2431316E+01,1883,  1.1914331E-03,  3.4517142E-02,  2.2547849E+01,  3.5000034E-05
68,  1.2530280E+01,1901,  1.1812983E-03,  3.4370020E-02,  2.2735309E+01,  3.6000041E-05
69,  1.2655642E+01,1920,  1.1847617E-03,  3.4420368E-02,  2.2972775E+01,  3.6000041E-05
70,  1.2403580E+01,1939,  1.1766286E-03,  3.4302020E-02,  2.2495309E+01,  3.7000049E-05
71,  1.2616191E+01,1958,  1.1738574E-03,  3.4261602E-02,  2.2898046E+01,  3.7000049E-05
72,  1.2374251E+01,1977,  1.1689127E-03,  3.4189365E-02,  2.2439754E+01,  3.6999816E-05
73,  1.2505507E+01,1996,  1.1579796E-03,  3.4029100E-02,  2.2688383E+01,  3.7000049E-05
74,  1.2589568E+01,2015,  1.1523402E-03,  3.3946137E-02,  2.2847616E+01,  3.7000049E-05
75,  1.2713009E+01,2035,  1.1657661E-03,  3.4143317E-02,  2.3081441E+01,  3.8999831E-05
76,  1.2398155E+01,2055,  1.1584775E-03,  3.4036414E-02,  2.2485033E+01,  3.9000064E-05
77,  1.2451526E+01,2075,  1.1479708E-03,  3.3881718E-02,  2.2586130E+01,  3.9000064E-05
78,  1.2576707E+01,2095,  1.1406814E-03,  3.3773976E-02,  2.2823252E+01,  3.8999831E-05
79,  1.2549821E+01,2115,  1.1315865E-03,  3.3639062E-02,  2.2772326E+01,  4.0000072E-05
80,  1.2595091E+01,2136,  1.1255343E-03,  3.3548984E-02,  2.2858077E+01,  4.0000072E-05
81,  1.2408527E+01,2157,  1.1177342E-03,  3.3432533E-02,  2.2504680E+01,  3.9999839E-05
82,  1.2415331E+01,2178,  1.1095225E-03,  3.3309495E-02,  2.2517569E+01,  4.1000079E-05
83,  1.2485894E+01,2199,  1.0989284E-03,  3.3150089E-02,  2.2651231E+01,  4.1000079E-05
84,  1.2527158E+01,2220,  1.0891555E-03,  3.3002356E-02,  2.2729396E+01,  6.9999835E-05
85,  1.2470611E+01,2242,  1.0786304E-03,  3.2842508E-02,  2.2622282E+01,  9.8000048E-05
86,  1.2392102E+01,2264,  1.0723172E-03,  3.2746255E-02,  2.2473568E+01,  1.0099984E-04
87,  1.2520783E+01,2286,  1.0624379E-03,  3.2595059E-02,  2.2717319E+01,  1.0100007E-04
88,  1.2038366E+01,2308,  1.1393610E-03,  3.3754422E-02,  2.1803508E+01,  1.0299985E-04
89,  1.2579329E+01,2331,  1.1319739E-03,  3.3644819E-02,  2.2828220E+01,  9.9000055E-05
90,  1.2552233E+01,2354,  1.1228071E-03,  3.3508314E-02,  2.2776893E+01,  1.0199985E-04
91,  1.2464422E+01,2377,  1.1121280E-03,  3.3348583E-02,  2.2610559E+01,  1.0400009E-04
92,  1.2493295E+01,2400,  1.1014904E-03,  3.3188709E-02,  2.2665252E+01,  1.0299985E-04
93,  1.2426855E+01,2424,  1.0919903E-03,  3.3045277E-02,  2.2539398E+01,  1.0600011E-04
94,  1.2517232E+01,2448,  1.0817003E-03,  3.2889213E-02,  2.2710594E+01,  1.0599988E-04
95,  1.2332983E+01,2472,  1.0804890E-03,  3.2870792E-02,  2.2361583E+01,  1.0800012E-04
96,  1.2425392E+01,2496,  1.0714455E-03,  3.2732943E-02,  2.2536627E+01,  4.9999915E-05
97,  1.2367971E+01,2520,  1.0664473E-03,  3.2656504E-02,  2.2427857E+01,  4.6999892E-05
98,  1.2561115E+01,2545,  1.0584063E-03,  3.2533156E-02,  2.2793718E+01,  4.7000125E-05
99,  1.2521218E+01,2570,  1.0486768E-03,  3.2383279E-02,  2.2718144E+01,  4.6999892E-05
100,  1.2418205E+01,2595,  1.0401790E-03,  3.2251807E-02,  2.2523013E+01,  4.7999900E-05
101,  1.2508888E+01,2620,  1.0305134E-03,  3.2101610E-02,  2.2694787E+01,  2.2999942E-05
102,  1.2677663E+01,2646,  1.0346065E-03,  3.2165300E-02,  2.3014488E+01,  4.8999907E-05
103,  1.2622553E+01,2672,  1.0315853E-03,  3.2118302E-02,  2.2910095E+01,  5.0000148E-05
104,  1.2368716E+01,2698,  1.0266916E-03,  3.2042028E-02,  2.2429268E+01,  4.9999915E-05
105,  1.2371522E+01,2724,  1.0215617E-03,  3.1961878E-02,  2.2434585E+01,  5.0999923E-05
106,  1.2500769E+01,2751,  1.0116356E-03,  3.1806220E-02,  2.2679409E+01,  5.1999930E-05
107,  1.2593459E+01,2778,  1.0060778E-03,  3.1718730E-02,  2.2854986E+01,  5.2000163E-05
108,  1.2674520E+01,2805,  1.0090846E-03,  3.1766092E-02,  2.3008533E+01,  5.2000163E-05
109,  1.2467319E+01,2833,  9.9923956E-04,  3.1610751E-02,  2.2616046E+01,  5.7999976E-05
110,  1.2181319E+01,2861,  1.0217362E-03,  3.1964609E-02,  2.2074295E+01,  1.1099991E-04
111,  1.2408300E+01,2889,  1.0137849E-03,  3.1839990E-02,  2.2504251E+01,  1.1399994E-04
112,  1.2383423E+01,2917,  1.0074269E-03,  3.1739989E-02,  2.2457128E+01,  5.5000186E-05
113,  1.2591215E+01,2946,  1.0015058E-03,  3.1646577E-02,  2.2850735E+01,  5.6000194E-05
114,  1.2359880E+01,2975,  9.9680628E-04,  3.1572239E-02,  2.2412532E+01,  5.5999961E-05
115,  1.2617730E+01,3004,  9.9325348E-04,  3.1515924E-02,  2.2900960E+01,  5.5999961E-05
116,  1.2582764E+01,3034,  9.8666474E-04,  3.1411220E-02,  2.2834726E+01,  5.7000201E-05
117,  1.2534812E+01,3064,  9.7783260E-04,  3.1270315E-02,  2.2743894E+01,  5.7000201E-05
118,  1.2516904E+01,3094,  9.6868366E-04,  3.1123683E-02,  2.2709973E+01,  5.8000209E-05
119,  1.2464454E+01,3124,  9.5951021E-04,  3.0975962E-02,  2.2610620E+01,  6.9000060E-05
120,  1.2431752E+01,3155,  9.5095960E-04,  3.0837633E-02,  2.2548674E+01,  1.0800012E-04
121,  1.2569564E+01,3186,  9.4397163E-04,  3.0724121E-02,  2.2809722E+01,  1.1999998E-04
122,  1.2489837E+01,3217,  9.3487984E-04,  3.0575805E-02,  2.2658702E+01,  1.2800004E-04
123,  1.2467713E+01,3249,  9.2576012E-04,  3.0426306E-02,  2.2616792E+01,  6.0999999E-05
124,  1.2552470E+01,3281,  9.1811205E-04,  3.0300364E-02,  2.2777342E+01,  6.0999999E-05
125,  1.2647563E+01,3313,  9.1712040E-04,  3.0283996E-02,  2.2957470E+01,  6.2000006E-05
126,  1.2332691E+01,3346,  9.1510432E-04,  3.0250691E-02,  2.2361030E+01,  6.3000014E-05
127,  1.2517970E+01,3379,  9.0647523E-04,  3.0107727E-02,  2.2711992E+01,  7.4999873E-05
128,  1.2344506E+01,3412,  9.0350469E-04,  3.0058355E-02,  2.2383409E+01,  1.3700011E-04
129,  1.2613326E+01,3446,  8.9936031E-04,  2.9989337E-02,  2.2892618E+01,  1.4100014E-04
130,  1.2521086E+01,3480,  8.9093013E-04,  2.9848453E-02,  2.2717893E+01,  1.3599987E-04
131,  1.2454735E+01,3514,  8.8258126E-04,  2.9708269E-02,  2.2592210E+01,  1.8500001E-04
132,  1.2468065E+01,3549,  8.7396119E-04,  2.9562835E-02,  2.2617460E+01,  8.4999949E-05
133,  1.2660514E+01,3584,  8.7390839E-04,  2.9561942E-02,  2.2982004E+01,  6.7000045E-05
134,  1.2128578E+01,3619,  9.0066093E-04,  3.0011013E-02,  2.1974390E+01,  6.7999819E-05
135,  1.2528701E+01,3655,  8.9232674E-04,  2.9871839E-02,  2.2732318E+01,  6.8000052E-05
136,  1.2585209E+01,3691,  8.8635097E-04,  2.9771647E-02,  2.2839359E+01,  6.9000060E-05
137,  1.2359919E+01,3727,  8.8196977E-04,  2.9697976E-02,  2.2412605E+01,  7.0000067E-05
138,  1.2608126E+01,3764,  8.7734288E-04,  2.9619974E-02,  2.2882768E+01,  7.1000075E-05
139,  1.2456691E+01,3801,  8.6901262E-04,  2.9479020E-02,  2.2595915E+01,  7.1000075E-05
140,  1.2443646E+01,3839,  8.6085076E-04,  2.9340258E-02,  2.2571204E+01,  7.1999850E-05
141,  1.2446785E+01,3877,  8.5277923E-04,  2.9202384E-02,  2.2577150E+01,  7.2000083E-05
142,  1.2563199E+01,3915,  8.4607399E-04,  2.9087351E-02,  2.2797666E+01,  7.3999865E-05
143,  1.2330786E+01,3954,  8.4369939E-04,  2.9046504E-02,  2.2357421E+01,  8.5999956E-05
144,  1.2468815E+01,3993,  8.3551347E-04,  2.8905250E-02,  2.2618880E+01,  5.5999961E-05
145,  1.2411522E+01,4032,  8.2871687E-04,  2.8787443E-02,  2.2510354E+01,  8.6999964E-05
146,  1.2341885E+01,4072,  8.2545297E-04,  2.8730697E-02,  2.2378445E+01,  9.0999994E-05
147,  1.2534003E+01,4112,  8.1806635E-04,  2.8601859E-02,  2.2742361E+01,  9.3000010E-05
148,  1.2557982E+01,4153,  8.1134447E-04,  2.8484109E-02,  2.2787783E+01,  9.3000010E-05
149,  1.2374407E+01,4194,  8.0621440E-04,  2.8393915E-02,  2.2440050E+01,  9.4000017E-05
150,  1.2428242E+01,4235,  7.9909713E-04,  2.8268306E-02,  2.2542025E+01,  9.6000032E-05
151,  1.2564070E+01,4277,  7.9280910E-04,  2.8156866E-02,  2.2799316E+01,  9.7000040E-05
152,  1.2571343E+01,4319,  7.8690771E-04,  2.8051875E-02,  2.2813092E+01,  9.6000032E-05
153,  1.2383620E+01,4362,  7.8140889E-04,  2.7953692E-02,  2.2457501E+01,  9.8000048E-05
154,  1.2511766E+01,4405,  7.7397154E-04,  2.7820344E-02,  2.2700239E+01,  1.0100007E-04
155,  1.2557308E+01,4449,  7.6755651E-04,  2.7704810E-02,  2.2786507E+01,  1.0000006E-04
156,  1.2416201E+01,4493,  7.6103243E-04,  2.7586816E-02,  2.2519216E+01,  1.0099984E-04
157,  1.2454736E+01,4537,  7.5382302E-04,  2.7455838E-02,  2.2592211E+01,  8.3999941E-05
158,  1.2526111E+01,4582,  7.4682801E-04,  2.7328154E-02,  2.2727412E+01,  8.4999949E-05
159,  1.2774139E+01,4627,  7.5778176E-04,  2.7527836E-02,  2.3197237E+01,  8.6999964E-05
160,  1.2603566E+01,4673,  7.5332379E-04,  2.7446745E-02,  2.2874131E+01,  1.1199992E-04
161,  1.2484936E+01,4719,  7.4597903E-04,  2.7312617E-02,  2.2649417E+01,  8.7999972E-05
162,  1.2511093E+01,4766,  7.3875778E-04,  2.7180099E-02,  2.2698964E+01,  8.8999979E-05
163,  1.2321604E+01,4813,  7.3709980E-04,  2.7149582E-02,  2.2340028E+01,  8.9999987E-05
164,  1.2482257E+01,4861,  7.2982096E-04,  2.7015199E-02,  2.2644343E+01,  1.1699996E-04
165,  1.2413724E+01,4909,  7.2370125E-04,  2.6901696E-02,  2.2514526E+01,  9.2000002E-05
166,  1.2611816E+01,4958,  7.1981350E-04,  2.6829340E-02,  2.2889757E+01,  9.3000010E-05
167,  1.2464766E+01,5007,  7.1284876E-04,  2.6699228E-02,  2.2611210E+01,  9.3000010E-05
168,  1.2622633E+01,5057,  7.0953225E-04,  2.6637047E-02,  2.2910248E+01,  9.4999792E-05
169,  1.2392345E+01,5107,  7.0427950E-04,  2.6538265E-02,  2.2474028E+01,  9.5000025E-05
170,  1.2546291E+01,5158,  6.9803616E-04,  2.6420374E-02,  2.2765637E+01,  9.6000032E-05
171,  1.2477330E+01,5209,  6.9121320E-04,  2.6290934E-02,  2.2635010E+01,  9.7000040E-05
172,  1.2581838E+01,5261,  6.8613702E-04,  2.6194217E-02,  2.2832972E+01,  9.7999815E-05
173,  1.2426763E+01,5313,  6.8007664E-04,  2.6078279E-02,  2.2539224E+01,  9.9000055E-05
174,  1.2589285E+01,5366,  6.7534914E-04,  2.5987480E-02,  2.2847079E+01,  1.0000006E-04
175,  1.2528427E+01,5419,  6.6906944E-04,  2.5866377E-02,  2.2731800E+01,  1.0100007E-04
176,  1.2419225E+01,5473,  6.6328858E-04,  2.5754390E-02,  2.2524945E+01,  1.0200008E-04
177,  1.2403637E+01,5527,  6.5803032E-04,  2.5652102E-02,  2.2495419E+01,  1.0300009E-04
178,  1.2474128E+01,5582,  6.5156908E-04,  2.5525851E-02,  2.2628944E+01,  1.0400009E-04
179,  1.2390934E+01,5637,  6.4679053E-04,  2.5432077E-02,  2.2471356E+01,  1.2300001E-04
180,  1.2663195E+01,5693,  6.4597270E-04,  2.5415993E-02,  2.2987082E+01,  1.6300008E-04
181,  1.2390294E+01,5749,  6.4126481E-04,  2.5323207E-02,  2.2470142E+01,  1.0799989E-04
182,  1.2604393E+01,5806,  6.3739007E-04,  2.5246585E-02,  2.2875697E+01,  1.3200007E-04
183,  1.2420107E+01,5864,  6.3182448E-04,  2.5136119E-02,  2.2526615E+01,  1.4599995E-04
184,  1.2460880E+01,5922,  6.2573956E-04,  2.5014787E-02,  2.2603849E+01,  1.3799989E-04
185,  1.2659072E+01,5981,  6.2456792E-04,  2.4991357E-02,  2.2979273E+01,  1.3700011E-04
186,  1.2541021E+01,6040,  6.1895399E-04,  2.4878786E-02,  2.2755656E+01,  1.1199992E-04
187,  1.2536742E+01,6100,  6.1327035E-04,  2.4764296E-02,  2.2747550E+01,  1.1399994E-04
188,  1.2446317E+01,6161,  6.0746659E-04,  2.4646837E-02,  2.2576263E+01,  1.1499994E-04
189,  1.2563492E+01,6222,  6.0244731E-04,  2.4544802E-02,  2.2798220E+01,  1.1699996E-04
190,  1.2561175E+01,6284,  5.9736562E-04,  2.4441064E-02,  2.2793832E+01,  1.1699996E-04
191,  1.2543505E+01,6346,  5.9201629E-04,  2.4331385E-02,  2.2760361E+01,  1.1799997E-04
192,  1.2457235E+01,6409,  5.8634300E-04,  2.4214520E-02,  2.2596944E+01,  1.1999998E-04
193,  1.2474435E+01,6473,  5.8057249E-04,  2.4095072E-02,  2.2629525E+01,  1.2099999E-04
194,  1.2369989E+01,6537,  5.7699969E-04,  2.4020818E-02,  2.2431680E+01,  1.2200000E-04
195,  1.2390303E+01,6602,  5.7273246E-04,  2.3931829E-02,  2.2470160E+01,  1.2300001E-04
196,  1.2580712E+01,6668,  5.6838207E-04,  2.3840765E-02,  2.2830839E+01,  1.2500002E-04
197,  1.2615976E+01,6734,  5.6526242E-04,  2.3775248E-02,  2.2897638E+01,  1.2700004E-04
198,  1.2528466E+01,6801,  5.5993469E-04,  2.3662939E-02,  2.2731874E+01,  1.2700004E-04
199,  1.2449619E+01,6869,  5.5460444E-04,  2.3550041E-02,  2.2582518E+01,  1.2900005E-04
200,  1.2479965E+01,6937,  5.4917601E-04,  2.3434505E-02,  2.2640001E+01,  1.2900005E-04
201,  1.2532356E+01,7006,  5.4404869E-04,  2.3324851E-02,  2.2739241E+01,  1.3600010E-04
202,  1.2485410E+01,7076,  5.3866683E-04,  2.3209197E-02,  2.2650314E+01,  1.3100007E-04
203,  1.2641052E+01,7146,  5.3665191E-04,  2.3165749E-02,  2.2945138E+01,  1.3400009E-04
204,  1.2573977E+01,7217,  5.3237328E-04,  2.3073216E-02,  2.2818082E+01,  1.3500010E-04
205,  1.2438018E+01,7289,  5.2747110E-04,  2.2966739E-02,  2.2560542E+01,  1.3600010E-04
206,  1.2356749E+01,7361,  5.2467309E-04,  2.2905744E-02,  2.2406601E+01,  1.3799989E-04
207,  1.2648827E+01,7434,  5.2297120E-04,  2.2868564E-02,  2.2959865E+01,  1.3899989E-04
208,  1.2562930E+01,7508,  5.1853953E-04,  2.2771463E-02,  2.2797155E+01,  1.4000013E-04
209,  1.2551270E+01,7583,  5.1391250E-04,  2.2669638E-02,  2.2775069E+01,  1.4099991E-04
210,  1.2445671E+01,7658,  5.0913079E-04,  2.2563927E-02,  2.2575039E+01,  1.4299992E-04
211,  1.2512123E+01,7734,  5.0419294E-04,  2.2454241E-02,  2.2700915E+01,  1.4499994E-04
212,  1.2523768E+01,7811,  4.9937077E-04,  2.2346605E-02,  2.2722974E+01,  1.4599995E-04
213,  1.2414231E+01,7889,  4.9515266E-04,  2.2252026E-02,  2.2515486E+01,  1.6499986E-04
214,  1.2554634E+01,7967,  4.9083587E-04,  2.2154816E-02,  2.2781442E+01,  1.4899997E-04
215,  1.2632498E+01,8046,  4.8853831E-04,  2.2102903E-02,  2.2928934E+01,  1.4999998E-04
216,  1.2658077E+01,8126,  4.8717331E-04,  2.2072003E-02,  2.2977386E+01,  1.5099999E-04
217,  1.2465710E+01,8207,  4.8244305E-04,  2.1964586E-02,  2.2612998E+01,  1.5300000E-04
218,  1.2479179E+01,8289,  4.7768673E-04,  2.1856046E-02,  2.2638512E+01,  1.5500002E-04
219,  1.2514166E+01,8371,  4.7307080E-04,  2.1750191E-02,  2.2704785E+01,  1.5600002E-04
220,  1.2532556E+01,8454,  4.6862821E-04,  2.1647822E-02,  2.2739621E+01,  1.5800004E-04
221,  1.2562687E+01,8538,  4.6461175E-04,  2.1554854E-02,  2.2796696E+01,  1.6000005E-04
222,  1.2544368E+01,8623,  4.6035285E-04,  2.1455835E-02,  2.2761995E+01,  1.6100006E-04
223,  1.2472228E+01,8709,  4.5585039E-04,  2.1350653E-02,  2.2625345E+01,  1.6299984E-04
224,  1.2492914E+01,8796,  4.5134127E-04,  2.1244794E-02,  2.2664528E+01,  1.6500009E-04
225,  1.2366138E+01,8883,  4.4868906E-04,  2.1182282E-02,  2.2424386E+01,  1.6599987E-04
226,  1.2546629E+01,8971,  4.4462824E-04,  2.1086210E-02,  2.2766278E+01,  1.6700011E-04
227,  1.2532889E+01,9060,  4.4044878E-04,  2.0986872E-02,  2.2740251E+01,  2.3099990E-04
228,  1.2413222E+01,9150,  4.3678497E-04,  2.0899401E-02,  2.2513573E+01,  1.7099991E-04
229,  1.2457620E+01,9241,  4.3260539E-04,  2.0799168E-02,  2.2597674E+01,  2.0699995E-04
230,  1.2513592E+01,9333,  4.2839434E-04,  2.0697689E-02,  2.2703698E+01,  1.7399993E-04
231,  1.2392199E+01,9426,  4.2520329E-04,  2.0620458E-02,  2.2473752E+01,  1.7600018E-04
232,  1.2613260E+01,9520,  4.2257296E-04,  2.0556579E-02,  2.2892493E+01,  1.7800019E-04
233,  1.2474077E+01,9615,  4.1842817E-04,  2.0455517E-02,  2.2628848E+01,  1.7900020E-04
234,  1.2452831E+01,9711,  4.1444270E-04,  2.0357866E-02,  2.2588603E+01,  1.8200022E-04
235,  1.2434880E+01,9808,  4.1066433E-04,  2.0264855E-02,  2.2554600E+01,  1.9700010E-04
236,  1.2461520E+01,9906,  4.0668773E-04,  2.0166500E-02,  2.2605061E+01,  1.8500001E-04
237,  1.2434681E+01,10005,  4.0297582E-04,  2.0074258E-02,  2.2554223E+01,  1.8700003E-04
238,  1.2526701E+01,10105,  3.9911675E-04,  1.9977907E-02,  2.2728531E+01,  1.8799980E-04
239,  1.2511789E+01,10206,  3.9521027E-04,  1.9879896E-02,  2.2700284E+01,  1.9000005E-04
240,  1.2441196E+01,10308,  3.9153629E-04,  1.9787276E-02,  2.2566564E+01,  1.9299984E-04
241,  1.2497476E+01,10411,  3.8766692E-04,  1.9689259E-02,  2.2673172E+01,  1.9500009E-04
242,  1.2505486E+01,10515,  3.8385340E-04,  1.9592177E-02,  2.2688344E+01,  1.9599986E-04
243,  1.2348637E+01,10620,  3.8194841E-04,  1.9543501E-02,  2.2391235E+01,  1.9800011E-04
244,  1.2468992E+01,10726,  3.7821456E-04,  1.9447739E-02,  2.2619215E+01,  1.9999989E-04
245,  1.2468139E+01,10833,  3.7452223E-04,  1.9352577E-02,  2.2617599E+01,  2.0299992E-04
246,  1.2483071E+01,10941,  3.7082913E-04,  1.9256924E-02,  2.2645885E+01,  2.0400016E-04
247,  1.2456009E+01,11050,  3.6727396E-04,  1.9164393E-02,  2.2594622E+01,  2.9399991E-04
248,  1.2374843E+01,11160,  3.6483084E-04,  1.9100546E-02,  2.2440876E+01,  2.0799995E-04
249,  1.2517448E+01,11271,  3.6130793E-04,  1.9008102E-02,  2.2711003E+01,  2.2199983E-04
250,  1.2439061E+01,11383,  3.5797388E-04,  1.8920198E-02,  2.2562519E+01,  2.1299999E-04
251,  1.2385061E+01,11496,  3.5539353E-04,  1.8851884E-02,  2.2460230E+01,  2.1500001E-04
252,  1.2521170E+01,11610,  3.5199388E-04,  1.8761500E-02,  2.2718052E+01,  2.1700002E-04
253,  1.2521963E+01,11726,  3.4860457E-04,  1.8670955E-02,  2.2719555E+01,  2.1900004E-04
254,  1.2516515E+01,11843,  3.4522406E-04,  1.8580206E-02,  2.2709236E+01,  2.1199998E-04
255,  1.2408510E+01,11961,  3.4235886E-04,  1.8502942E-02,  2.2504648E+01,  1.3699988E-04
256,  1.2665656E+01,12080,  3.4156593E-04,  1.8481502E-02,  2.2991743E+01,  1.3800012E-04
257,  1.2500990E+01,12200,  3.3821683E-04,  1.8390672E-02,  2.2679828E+01,  1.3900013E-04
258,  1.2520797E+01,12322,  3.3494699E-04,  1.8301557E-02,  2.2717347E+01,  3.2599992E-04
259,  1.2514098E+01,12445,  3.3168417E-04,  1.8212198E-02,  2.2704657E+01,  2.3299991E-04
260,  1.2423159E+01,12569,  3.2876295E-04,  1.8131821E-02,  2.2532396E+01,  2.0800019E-04
261,  1.2489447E+01,12694,  3.2552531E-04,  1.8042320E-02,  2.2657961E+01,  1.4500017E-04
262,  1.2536441E+01,12820,  3.2249708E-04,  1.7958204E-02,  2.2746980E+01,  2.4400000E-04
263,  1.2543940E+01,12948,  3.1953547E-04,  1.7875555E-02,  2.2761184E+01,  1.4900020E-04
264,  1.2434190E+01,13077,  3.1661925E-04,  1.7793798E-02,  2.2553292E+01,  1.5099999E-04
265,  1.2461021E+01,13207,  3.1356428E-04,  1.7707746E-02,  2.2604117E+01,  1.5199999E-04
266,  1.2478204E+01,13339,  3.1047068E-04,  1.7620178E-02,  2.2636666E+01,  1.5300000E-04
267,  1.2520978E+01,13472,  3.0747867E-04,  1.7535070E-02,  2.2717690E+01,  1.5400001E-04
268,  1.2536518E+01,13606,  3.0461129E-04,  1.7453117E-02,  2.2747125E+01,  1.7299992E-04
269,  1.2604558E+01,13742,  3.0255139E-04,  1.7394004E-02,  2.2876009E+01,  2.0099990E-04
270,  1.2498593E+01,13879,  2.9956972E-04,  1.7308082E-02,  2.2675287E+01,  1.6000005E-04
271,  1.2473629E+01,14017,  2.9663982E-04,  1.7223235E-02,  2.2628000E+01,  1.6200007E-04
272,  1.2428686E+01,14157,  2.9397234E-04,  1.7145622E-02,  2.2542866E+01,  1.6399985E-04
273,  1.2514987E+01,14298,  2.9111676E-04,  1.7062144E-02,  2.2706341E+01,  1.6600010E-04
274,  1.2518629E+01,14440,  2.8831013E-04,  1.6979697E-02,  2.2713240E+01,  1.6599987E-04
275,  1.2523481E+01,14584,  2.8553907E-04,  1.6897901E-02,  2.2722431E+01,  1.7699995E-04
276,  1.2490373E+01,14729,  2.8272789E-04,  1.6814514E-02,  2.2659715E+01,  1.7000013E-04
277,  1.2541967E+01,14876,  2.8011282E-04,  1.6736571E-02,  2.2757447E+01,  1.7100014E-04
278,  1.2552386E+01,15024,  2.7760756E-04,  1.6661559E-02,  2.2777183E+01,  1.7199991E-04
279,  1.2494364E+01,15174,  2.7486402E-04,  1.6579024E-02,  2.2667275E+01,  1.7399993E-04
280,  1.2445207E+01,15325,  2.7229015E-04,  1.6501217E-02,  2.2574161E+01,  2.0799995E-04
281,  1.2502331E+01,15478,  2.6960734E-04,  1.6419724E-02,  2.2682367E+01,  1.8400000E-04
282,  1.2460691E+01,15632,  2.6700807E-04,  1.6340381E-02,  2.2603491E+01,  2.0699995E-04
283,  1.2490018E+01,15788,  2.6436963E-04,  1.6259447E-02,  2.2659044E+01,  1.8199999E-04
284,  1.2447387E+01,15945,  2.6188242E-04,  1.6182782E-02,  2.2578290E+01,  2.4199998E-04
285,  1.2496541E+01,16104,  2.5929900E-04,  1.6102764E-02,  2.2671399E+01,  3.0099996E-04
286,  1.2445512E+01,16265,  2.5685531E-04,  1.6026706E-02,  2.2574739E+01,  3.0299998E-04
287,  1.2486671E+01,16427,  2.5432285E-04,  1.5947503E-02,  2.2652704E+01,  3.0700001E-04
288,  1.2582515E+01,16591,  2.5232092E-04,  1.5884613E-02,  2.2834256E+01,  3.2299990E-04
289,  1.2546037E+01,16756,  2.5001959E-04,  1.5812008E-02,  2.2765157E+01,  2.9099989E-04
290,  1.2438233E+01,16923,  2.4771424E-04,  1.5738940E-02,  2.2560951E+01,  1.9500009E-04
291,  1.2490253E+01,17092,  2.4526478E-04,  1.5660932E-02,  2.2659488E+01,  1.9599986E-04
292,  1.2460311E+01,17262,  2.4290186E-04,  1.5585309E-02,  2.2602771E+01,  2.0199991E-04
293,  1.2518440E+01,17434,  2.4055025E-04,  1.5509682E-02,  2.2712882E+01,  2.0400016E-04
294,  1.2466422E+01,17608,  2.3820584E-04,  1.5433918E-02,  2.2614348E+01,  2.0300015E-04
295,  1.2492389E+01,17784,  2.3584851E-04,  1.5357360E-02,  2.2663536E+01,  2.0799995E-04
296,  1.2417415E+01,17961,  2.3381995E-04,  1.5291172E-02,  2.2521516E+01,  2.1299999E-04
297,  1.2503153E+01,18140,  2.3152181E-04,  1.5215841E-02,  2.2683924E+01,  2.1100021E-04
298,  1.2454076E+01,18321,  2.2930547E-04,  1.5142836E-02,  2.2590961E+01,  2.1199998E-04
299,  1.2512466E+01,18504,  2.2706452E-04,  1.5068660E-02,  2.2701566E+01,  6.4999983E-04
300,  1.2458946E+01,18689,  2.2486873E-04,  1.4995624E-02,  2.2600185E+01,  2.5699986E-04
301,  1.2533928E+01,18875,  2.2275426E-04,  1.4924954E-02,  2.2742220E+01,  1.7400016E-04
302,  1.2509691E+01,19063,  2.2057716E-04,  1.4851840E-02,  2.2696309E+01,  1.4199992E-04
303,  1.2410192E+01,19253,  2.1873233E-04,  1.4789602E-02,  2.2507835E+01,  2.6899995E-04
304,  1.2571436E+01,19445,  2.1691227E-04,  1.4727942E-02,  2.2813268E+01,  2.7199998E-04
305,  1.2557499E+01,19639,  2.1499874E-04,  1.4662835E-02,  2.2786868E+01,  2.7299998E-04
306,  1.2482780E+01,19835,  2.1287712E-04,  1.4590309E-02,  2.2645333E+01,  2.7500000E-04
307,  1.2517088E+01,20033,  2.1080823E-04,  1.4519237E-02,  2.2710321E+01,  3.9399997E-04
308,  1.2529254E+01,20233,  2.0879806E-04,  1.4449846E-02,  2.2733365E+01,  3.8000010E-04
309,  1.2505731E+01,20435,  2.0674503E-04,  1.4378631E-02,  2.2688807E+01,  3.8100011E-04
310,  1.2494736E+01,20639,  2.0470219E-04,  1.4307417E-02,  2.2667981E+01,  4.9599982E-04
311,  1.2533715E+01,20845,  2.0276740E-04,  1.4239642E-02,  2.2741816E+01,  2.9000011E-04
312,  1.2487093E+01,21053,  2.0076468E-04,  1.4169145E-02,  2.2653503E+01,  2.9199990E-04
313,  1.2431619E+01,21263,  1.9894641E-04,  1.4104836E-02,  2.2548421E+01,  2.9699993E-04
314,  1.2504098E+01,21475,  1.9699068E-04,  1.4035337E-02,  2.2685714E+01,  5.8600004E-04
315,  1.2477817E+01,21689,  1.9505459E-04,  1.3966195E-02,  2.2635933E+01,  4.0399982E-04
316,  1.2524140E+01,21905,  1.9318204E-04,  1.3898994E-02,  2.2723680E+01,  4.0900009E-04
317,  1.2447919E+01,22124,  1.9135253E-04,  1.3833023E-02,  2.2579299E+01,  4.5699999E-04
318,  1.2571762E+01,22345,  1.8975334E-04,  1.3775098E-02,  2.2813885E+01,  4.1699992E-04
319,  1.2530501E+01,22568,  1.8794747E-04,  1.3709393E-02,  2.2735727E+01,  4.6400004E-04
320,  1.2590962E+01,22793,  1.8652876E-04,  1.3657553E-02,  2.2850255E+01,  4.2499998E-04
321,  1.2438722E+01,23020,  1.8480929E-04,  1.3594458E-02,  2.2561876E+01,  5.6699989E-04
322,  1.2514562E+01,23250,  1.8300441E-04,  1.3527912E-02,  2.2705536E+01,  4.7899992E-04
323,  1.2455126E+01,23482,  1.8125171E-04,  1.3462975E-02,  2.2592950E+01,  5.0500012E-04
324,  1.2515593E+01,23716,  1.7948838E-04,  1.3397327E-02,  2.2707488E+01,  4.5799999E-04
325,  1.2518135E+01,23953,  1.7774252E-04,  1.3332011E-02,  2.2712304E+01,  4.0600006E-04
326,  1.2575675E+01,24192,  1.7627981E-04,  1.3277041E-02,  2.2821299E+01,  2.8900011E-04
327,  1.2480858E+01,24433,  1.7454564E-04,  1.3211572E-02,  2.2641693E+01,  2.9100012E-04
328,  1.2466416E+01,24677,  1.7284520E-04,  1.3147060E-02,  2.2614336E+01,  2.8399983E-04
329,  1.2520160E+01,24923,  1.7117203E-04,  1.3083273E-02,  2.2716139E+01,  2.8800010E-04
330,  1.2567428E+01,25172,  1.6970682E-04,  1.3027157E-02,  2.2805677E+01,  3.2399991E-04
331,  1.2515759E+01,25423,  1.6805380E-04,  1.2963557E-02,  2.2707803E+01,  2.9400014E-04
332,  1.2431998E+01,25677,  1.6653042E-04,  1.2904666E-02,  2.2549139E+01,  2.9500015E-04
333,  1.2417860E+01,25933,  1.6509587E-04,  1.2848964E-02,  2.2522359E+01,  2.9699993E-04
334,  1.2462196E+01,26192,  1.6349582E-04,  1.2786548E-02,  2.2606343E+01,  5.1799999E-04
335,  1.2529643E+01,26453,  1.6193786E-04,  1.2725481E-02,  2.2734102E+01,  5.9399987E-04
336,  1.2422872E+01,26717,  1.6051326E-04,  1.2669383E-02,  2.2531853E+01,  5.1299995E-04
337,  1.2553191E+01,26984,  1.5906665E-04,  1.2612163E-02,  2.2778709E+01,  5.7399995E-04
338,  1.2551727E+01,27253,  1.5762946E-04,  1.2555057E-02,  2.2775936E+01,  4.3000001E-04
339,  1.2486733E+01,27525,  1.5607259E-04,  1.2492901E-02,  2.2652820E+01,  3.2099988E-04
340,  1.2442038E+01,27800,  1.5461680E-04,  1.2434501E-02,  2.2568159E+01,  3.4500007E-04
341,  1.2504875E+01,28078,  1.5309227E-04,  1.2373046E-02,  2.2687186E+01,  3.2099988E-04
342,  1.2554719E+01,28358,  1.5172111E-04,  1.2317512E-02,  2.2781603E+01,  3.2499991E-04
343,  1.2549877E+01,28641,  1.5033977E-04,  1.2261312E-02,  2.2772431E+01,  3.4000003E-04
344,  1.2502611E+01,28927,  1.4885730E-04,  1.2200709E-02,  2.2682898E+01,  3.3399998E-04
345,  1.2507179E+01,29216,  1.4739275E-04,  1.2140541E-02,  2.2691550E+01,  3.3700000E-04
346,  1.2428151E+01,29508,  1.4607165E-04,  1.2086011E-02,  2.2541854E+01,  3.4400006E-04
347,  1.2501418E+01,29803,  1.4462886E-04,  1.2026174E-02,  2.2680638E+01,  3.4500007E-04
348,  1.2491027E+01,30101,  1.4319701E-04,  1.1966495E-02,  2.2660954E+01,  3.9700000E-04
349,  1.2508855E+01,30402,  1.4178878E-04,  1.1907509E-02,  2.2694725E+01,  3.5199989E-04
350,  1.2534219E+01,30706,  1.4044333E-04,  1.1850879E-02,  2.2742771E+01,  3.5799993E-04
351,  1.2513596E+01,31013,  1.3906809E-04,  1.1792713E-02,  2.2703706E+01,  3.6099995E-04
352,  1.2533304E+01,31323,  1.3774598E-04,  1.1736524E-02,  2.2741037E+01,  7.4099982E-04
353,  1.2536372E+01,31636,  1.3644481E-04,  1.1680959E-02,  2.2746848E+01,  5.9400010E-04
354,  1.2536836E+01,31952,  1.3515738E-04,  1.1625721E-02,  2.2747728E+01,  5.9899990E-04
355,  1.2553294E+01,32271,  1.3393596E-04,  1.1573070E-02,  2.2778903E+01,  6.0999999E-04
356,  1.2477795E+01,32593,  1.3261937E-04,  1.1516048E-02,  2.2635891E+01,  4.8900000E-04
357,  1.2507217E+01,32918,  1.3131653E-04,  1.1459343E-02,  2.2691622E+01,  1.8800003E-04
358,  1.2363205E+01,33247,  1.3051886E-04,  1.1424485E-02,  2.2418830E+01,  1.8900004E-04
359,  1.2515082E+01,33579,  1.2924393E-04,  1.1368550E-02,  2.2706522E+01,  1.9100006E-04
360,  1.2504362E+01,33914,  1.2797154E-04,  1.1312451E-02,  2.2686214E+01,  1.9400008E-04
361,  1.2511563E+01,34253,  1.2671580E-04,  1.1256811E-02,  2.2699855E+01,  1.9500009E-04
362,  1.2544644E+01,34595,  1.2554193E-04,  1.1204549E-02,  2.2762519E+01,  3.2499991E-04
363,  1.2519820E+01,34940,  1.2432361E-04,  1.1150050E-02,  2.2715495E+01,  3.4700008E-04
364,  1.2503970E+01,35289,  1.2309772E-04,  1.1094941E-02,  2.2685471E+01,  3.5899994E-04
365,  1.2504621E+01,35641,  1.2188599E-04,  1.1040199E-02,  2.2686705E+01,  3.5299989E-04
366,  1.2529295E+01,35997,  1.2071779E-04,  1.0987165E-02,  2.2733444E+01,  4.6700006E-04
367,  1.2515720E+01,36356,  1.1954023E-04,  1.0933445E-02,  2.2707729E+01,  5.5599981E-04
368,  1.2528555E+01,36719,  1.1839318E-04,  1.0880863E-02,  2.2732042E+01,  2.1000020E-04
369,  1.2536466E+01,37086,  1.1727261E-04,  1.0829248E-02,  2.2747027E+01,  2.1199998E-04
370,  1.2453142E+01,37456,  1.1615644E-04,  1.0777590E-02,  2.2589193E+01,  2.1400000E-04
371,  1.2455334E+01,37830,  1.1504524E-04,  1.0725915E-02,  2.2593344E+01,  2.1700002E-04
372,  1.2423069E+01,38208,  1.1403395E-04,  1.0678668E-02,  2.2532227E+01,  2.1800003E-04
373,  1.2510877E+01,38590,  1.1291373E-04,  1.0626087E-02,  2.2698555E+01,  2.2000005E-04
374,  1.2442989E+01,38975,  1.1186145E-04,  1.0576457E-02,  2.2569960E+01,  2.2099982E-04
375,  1.2457511E+01,39364,  1.1078705E-04,  1.0525543E-02,  2.2597467E+01,  4.2399997E-04
376,  1.2532418E+01,39757,  1.0973201E-04,  1.0475305E-02,  2.2739360E+01,  3.9399997E-04
377,  1.2520543E+01,40154,  1.0866655E-04,  1.0424325E-02,  2.2716865E+01,  4.1700015E-04
378,  1.2446922E+01,40555,  1.0764338E-04,  1.0375133E-02,  2.2577410E+01,  7.5999997E-04
379,  1.2517239E+01,40960,  1.0659393E-04,  1.0324434E-02,  2.2710606E+01,  1.1219999E-03
380,  1.2463532E+01,41369,  1.0556036E-04,  1.0274257E-02,  2.2608873E+01,  7.9099997E-04
381,  1.2510705E+01,41782,  1.0452484E-04,  1.0223739E-02,  2.2698231E+01,  6.9999998E-04
382,  1.2514649E+01,42199,  1.0350349E-04,  1.0173667E-02,  2.2705702E+01,  3.5799993E-04
383,  1.2474490E+01,42620,  1.0248872E-04,  1.0123671E-02,  2.2629629E+01,  3.7400005E-04
384,  1.2525753E+01,43046,  1.0149999E-04,  1.0074721E-02,  2.2726734E+01,  3.6500022E-04
385,  1.2463277E+01,43476,  1.0051584E-04,  1.0025759E-02,  2.2608389E+01,  3.9900001E-04
386,  1.2481132E+01,43910,  9.9525297E-05,  9.9762366E-03,  2.2642211E+01,  5.1000016E-04
387,  1.2508383E+01,44349,  9.8545759E-05,  9.9270217E-03,  2.2693831E+01,  8.2900003E-04
388,  1.2495191E+01,44792,  9.7571258E-05,  9.8778165E-03,  2.2668842E+01,  6.9699995E-04
389,  1.2485139E+01,45239,  9.6608366E-05,  9.8289555E-03,  2.2649801E+01,  3.8300012E-04
390,  1.2500311E+01,45691,  9.5653959E-05,  9.7802842E-03,  2.2678541E+01,  4.0100003E-04
391,  1.2560342E+01,46147,  9.4808026E-05,  9.7369413E-03,  2.2792254E+01,  3.9099995E-04
392,  1.2503519E+01,46608,  9.3872746E-05,  9.6887949E-03,  2.2684619E+01,  3.9599999E-04
393,  1.2525201E+01,47074,  9.2965741E-05,  9.6418744E-03,  2.2725688E+01,  4.0000002E-04
394,  1.2494695E+01,47544,  9.2046773E-05,  9.5941009E-03,  2.2667902E+01,  4.0399982E-04
395,  1.2515390E+01,48019,  9.1146784E-05,  9.5470825E-03,  2.2707105E+01,  4.0800008E-04
396,  1.2533494E+01,48499,  9.0278550E-05,  9.5015025E-03,  2.2741398E+01,  4.1200011E-04
397,  1.2538787E+01,48983,  8.9429157E-05,  9.4566990E-03,  2.2751423E+01,  4.0599983E-04
398,  1.2484199E+01,49472,  8.8546795E-05,  9.4099307E-03,  2.2648021E+01,  3.7100003E-04
399,  1.2455212E+01,49966,  8.7700008E-05,  9.3648283E-03,  2.2593113E+01,  3.7499983E-04
400,  1.2503265E+01,50465,  8.6834888E-05,  9.3185239E-03,  2.2684136E+01,  3.8000010E-04
401,  1.2483068E+01,50969,  8.5978161E-05,  9.2724410E-03,  2.2645879E+01,  5.6300010E-04
402,  1.2508296E+01,51478,  8.5132543E-05,  9.2267298E-03,  2.2693667E+01,  9.6099987E-04
403,  1.2504614E+01,51992,  8.4293461E-05,  9.1811470E-03,  2.2686693E+01,  9.1599999E-04
404,  1.2516116E+01,52511,  8.3470399E-05,  9.1362136E-03,  2.2708479E+01,  7.2999997E-04
405,  1.2481811E+01,53036,  8.2646528E-05,  9.0910136E-03,  2.2643498E+01,  8.3899987E-04
406,  1.2479538E+01,53566,  8.1832210E-05,  9.0461157E-03,  2.2639193E+01,  1.3270001E-03
407,  1.2530528E+01,54101,  8.1048828E-05,  9.0027122E-03,  2.2735779E+01,  1.0250001E-03
408,  1.2527077E+01,54642,  8.0267356E-05,  8.9592051E-03,  2.2729241E+01,  7.6000020E-04
409,  1.2480942E+01,55188,  7.9475959E-05,  8.9149290E-03,  2.2641852E+01,  7.1200007E-04
410,  1.2497805E+01,55739,  7.8690672E-05,  8.8707763E-03,  2.2673793E+01,  6.3699996E-04
411,  1.2458759E+01,56296,  7.7933141E-05,  8.8279749E-03,  2.2599831E+01,  6.4400001E-04
412,  1.2468001E+01,56858,  7.7173909E-05,  8.7848682E-03,  2.2617339E+01,  6.5000006E-04
413,  1.2544562E+01,57426,  7.6456600E-05,  8.7439465E-03,  2.2762362E+01,  6.9999998E-04
414,  1.2458928E+01,58000,  7.5720146E-05,  8.7017323E-03,  2.2600152E+01,  1.0319999E-03
415,  1.2581040E+01,58580,  7.5102043E-05,  8.6661435E-03,  2.2831460E+01,  1.1239999E-03
416,  1.2460461E+01,59165,  7.4377678E-05,  8.6242494E-03,  2.2603057E+01,  1.1199999E-03
417,  1.2524626E+01,59756,  7.3658478E-05,  8.5824518E-03,  2.2724600E+01,  1.0820001E-03
418,  1.2557031E+01,60353,  7.2996913E-05,  8.5438231E-03,  2.2785982E+01,  7.6800003E-04
419,  1.2518008E+01,60956,  7.2284628E-05,  8.5020367E-03,  2.2712064E+01,  6.9799996E-04
420,  1.2516097E+01,61565,  7.1577818E-05,  8.4603675E-03,  2.2708443E+01,  7.0900004E-04
421,  1.2527558E+01,62180,  7.0888357E-05,  8.4195223E-03,  2.2730153E+01,  7.2199991E-04
422,  1.2492795E+01,62801,  7.0187387E-05,  8.3777913E-03,  2.2664303E+01,  7.9200021E-04
423,  1.2477111E+01,63429,  6.9496780E-05,  8.3364729E-03,  2.2634595E+01,  7.3800003E-04
424,  1.2489423E+01,64063,  6.8809271E-05,  8.2951354E-03,  2.2657917E+01,  6.6799996E-04
425,  1.2443227E+01,64703,  6.8167816E-05,  8.2563803E-03,  2.2570410E+01,  6.4500002E-04
426,  1.2482824E+01,65350,  6.7494651E-05,  8.2155129E-03,  2.2645416E+01,  6.4700004E-04
427,  1.2521097E+01,66003,  6.6838406E-05,  8.1754759E-03,  2.2717914E+01,  6.6600018E-04
428,  1.2555904E+01,66663,  6.6234847E-05,  8.1384794E-03,  2.2783848E+01,  5.0600013E-04
429,  1.2510369E+01,67329,  6.5583779E-05,  8.0983812E-03,  2.2697593E+01,  3.8299989E-04
430,  1.2471232E+01,68002,  6.4942132E-05,  8.0586681E-03,  2.2623459E+01,  3.8799993E-04
431,  1.2499197E+01,68682,  6.4299591E-05,  8.0187026E-03,  2.2676432E+01,  6.3200016E-04
432,  1.2483863E+01,69368,  6.3665096E-05,  7.9790410E-03,  2.2647385E+01,  6.9599994E-04
433,  1.2468840E+01,70061,  6.3044133E-05,  7.9400336E-03,  2.2618928E+01,  7.2899996E-04
434,  1.2574489E+01,70761,  6.2512680E-05,  7.9064961E-03,  2.2819051E+01,  5.6399987E-04
435,  1.2519849E+01,71468,  6.1903733E-05,  7.8678926E-03,  2.2715550E+01,  4.0700007E-04
436,  1.2539127E+01,72182,  6.1319715E-05,  7.8306906E-03,  2.2752068E+01,  4.1399989E-04
437,  1.2449346E+01,72903,  6.0740511E-05,  7.7936199E-03,  2.2582000E+01,  4.1400013E-04
438,  1.2521559E+01,73632,  6.0149529E-05,  7.7556128E-03,  2.2718789E+01,  6.2699988E-04
439,  1.2490134E+01,74368,  5.9554431E-05,  7.7171517E-03,  2.2659264E+01,  7.3800003E-04
440,  1.2528042E+01,75111,  5.8980777E-05,  7.6798943E-03,  2.2731070E+01,  7.3400000E-04
441,  1.2521756E+01,75862,  5.8407020E-05,  7.6424486E-03,  2.2719163E+01,  6.4500002E-04
442,  1.2516558E+01,76620,  5.7835785E-05,  7.6049842E-03,  2.2709316E+01,  6.5000006E-04
443,  1.2522775E+01,77386,  5.7273889E-05,  7.5679514E-03,  2.2721094E+01,  9.0299989E-04
444,  1.2498120E+01,78159,  5.6707636E-05,  7.5304472E-03,  2.2674391E+01,  1.6930001E-03
445,  1.2463537E+01,78940,  5.6158458E-05,  7.4938947E-03,  2.2608883E+01,  8.4200012E-04
446,  1.2498940E+01,79729,  5.5602997E-05,  7.4567417E-03,  2.2675944E+01,  6.7800004E-04
447,  1.2514632E+01,80526,  5.5057874E-05,  7.4200993E-03,  2.2705669E+01,  8.4300013E-04
448,  1.2465447E+01,81331,  5.4523036E-05,  7.3839716E-03,  2.2612501E+01,  7.0899981E-04
449,  1.2485929E+01,82144,  5.3984214E-05,  7.3473950E-03,  2.2651298E+01,  6.9700019E-04
450,  1.2486187E+01,82965,  5.3450745E-05,  7.3110016E-03,  2.2651786E+01,  7.0400001E-04
451,  1.2487594E+01,83794,  5.2922433E-05,  7.2747806E-03,  2.2654453E+01,  7.1099983E-04
452,  1.2512653E+01,84631,  5.2403102E-05,  7.2389987E-03,  2.2701919E+01,  7.1800011E-04
453,  1.2503759E+01,85477,  5.1885530E-05,  7.2031611E-03,  2.2685072E+01,  6.4400001E-04
454,  1.2483960E+01,86331,  5.1373458E-05,  7.1675280E-03,  2.2647568E+01,  6.4699980E-04
455,  1.2496161E+01,87194,  5.0865033E-05,  7.1319726E-03,  2.2670681E+01,  6.5400009E-04
456,  1.2565799E+01,88065,  5.0420196E-05,  7.1007180E-03,  2.2802591E+01,  6.6299993E-04
457,  1.2519508E+01,88945,  4.9928497E-05,  7.0660100E-03,  2.2714905E+01,  6.6899997E-04
458,  1.2510274E+01,89834,  4.9437227E-05,  7.0311611E-03,  2.2697414E+01,  6.7300000E-04
459,  1.2461674E+01,90732,  4.8959670E-05,  6.9971187E-03,  2.2605353E+01,  6.8999990E-04
460,  1.2465016E+01,91639,  4.8484408E-05,  6.9630746E-03,  2.2611684E+01,  6.8999990E-04
461,  1.2470953E+01,92555,  4.8010395E-05,  6.9289534E-03,  2.2622930E+01,  7.2399992E-04
462,  1.2526306E+01,93480,  4.7546347E-05,  6.8953859E-03,  2.2727781E+01,  7.0099998E-04
463,  1.2591124E+01,94414,  4.7175203E-05,  6.8684207E-03,  2.2850562E+01,  8.1499992E-04
464,  1.2501545E+01,95358,  4.6708713E-05,  6.8343773E-03,  2.2680879E+01,  8.6100004E-04
465,  1.2515626E+01,96311,  4.6251167E-05,  6.8008210E-03,  2.2707551E+01,  7.2199991E-04
466,  1.2465525E+01,97274,  4.5801896E-05,  6.7677098E-03,  2.2612649E+01,  7.2400016E-04
467,  1.2460819E+01,98246,  4.5360230E-05,  6.7350004E-03,  2.2603735E+01,  6.7400001E-04
468,  1.2483108E+01,99228,  4.4912598E-05,  6.7016862E-03,  2.2645954E+01,  6.7099999E-04
469,  1.2520409E+01,100220,  4.4474802E-05,  6.6689431E-03,  2.2716611E+01,  6.7500002E-04
470,  1.2462628E+01,101222,  4.4044493E-05,  6.6366025E-03,  2.2607160E+01,  6.7900005E-04
471,  1.2532774E+01,102234,  4.3622922E-05,  6.6047651E-03,  2.2740034E+01,  6.8999990E-04
472,  1.2519992E+01,103256,  4.3197472E-05,  6.5724784E-03,  2.2715822E+01,  6.9399993E-04
473,  1.2549748E+01,104288,  4.2799240E-05,  6.5421128E-03,  2.2772187E+01,  7.0300000E-04
474,  1.2496821E+01,105330,  4.2375882E-05,  6.5096761E-03,  2.2671930E+01,  7.0700003E-04
475,  1.2541471E+01,106383,  4.1977049E-05,  6.4789698E-03,  2.2756508E+01,  7.1400008E-04
476,  1.2510233E+01,107446,  4.1563996E-05,  6.4470145E-03,  2.2697335E+01,  7.2300015E-04
477,  1.2495097E+01,108520,  4.1152643E-05,  6.4150326E-03,  2.2668664E+01,  7.3099998E-04
478,  1.2490491E+01,109605,  4.0745425E-05,  6.3832143E-03,  2.2659940E+01,  6.9099991E-04
479,  1.2480693E+01,110701,  4.0343792E-05,  6.3516763E-03,  2.2641380E+01,  7.6900003E-04
480,  1.2499162E+01,111808,  3.9944527E-05,  6.3201683E-03,  2.2676365E+01,  6.8899989E-04
481,  1.2507605E+01,112926,  3.9550534E-05,  6.2889216E-03,  2.2692358E+01,  6.9599994E-04
482,  1.2485804E+01,114055,  3.9159726E-05,  6.2577733E-03,  2.2651061E+01,  7.0300000E-04
483,  1.2516738E+01,115195,  3.8776395E-05,  6.2270695E-03,  2.2709658E+01,  7.0800004E-04
484,  1.2482189E+01,116346,  3.8394133E-05,  6.1963000E-03,  2.2644214E+01,  7.1699987E-04
485,  1.2513047E+01,117509,  3.8016991E-05,  6.1657920E-03,  2.2702666E+01,  7.2399992E-04
486,  1.2467356E+01,118684,  3.7646924E-05,  6.1357090E-03,  2.2616117E+01,  7.3099998E-04
487,  1.2492639E+01,119870,  3.7274476E-05,  6.1052826E-03,  2.2664009E+01,  7.9399999E-04
488,  1.2493154E+01,121068,  3.6905652E-05,  6.0750022E-03,  2.2664985E+01,  1.2449999E-03
489,  1.2490487E+01,122278,  3.6540594E-05,  6.0448817E-03,  2.2659932E+01,  6.9899997E-04
490,  1.2485453E+01,123500,  3.6179721E-05,  6.0149581E-03,  2.2650396E+01,  1.3390002E-03
491,  1.2509285E+01,124735,  3.5823212E-05,  5.9852495E-03,  2.2695539E+01,  7.0800004E-04
492,  1.2505524E+01,125982,  3.5469551E-05,  5.9556319E-03,  2.2688415E+01,  7.1400008E-04
493,  1.2486424E+01,127241,  3.5119131E-05,  5.9261396E-03,  2.2652235E+01,  7.2299992E-04
494,  1.2515271E+01,128513,  3.4774810E-05,  5.8970170E-03,  2.2706878E+01,  7.2999997E-04
495,  1.2480066E+01,129798,  3.4432193E-05,  5.8678951E-03,  2.2640193E+01,  7.3500001E-04
496,  1.2536952E+01,131095,  3.4105113E-05,  5.8399583E-03,  2.2747948E+01,  7.4399984E-04
497,  1.2478159E+01,132405,  3.3769766E-05,  5.8111759E-03,  2.2636580E+01,  7.5200014E-04
498,  1.2497028E+01,133729,  3.3435460E-05,  5.7823403E-03,  2.2672323E+01,  7.2799996E-04
499,  1.2471589E+01,135066,  3.3108455E-05,  5.7539947E-03,  2.2624134E+01,  7.1699987E-04
500,  1.2508697E+01,136416,  3.2782233E-05,  5.7255771E-03,  2.2694427E+01,  7.2199991E-04
501,  1.2520972E+01,137780,  3.2462672E-05,  5.6976023E-03,  2.2717679E+01,  1.5100001E-03
502,  1.2506074E+01,139157,  3.2142352E-05,  5.6694226E-03,  2.2689457E+01,  1.9410001E-03
503,  1.2496981E+01,140548,  3.1824271E-05,  5.6413005E-03,  2.2672233E+01,  1.9580000E-03
504,  1.2494589E+01,141953,  3.1509284E-05,  5.6133131E-03,  2.2667702E+01,  1.9749999E-03
505,  1.2528017E+01,143372,  3.1205090E-05,  5.5861516E-03,  2.2731023E+01,  1.7780000E-03
506,  1.2508366E+01,144805,  3.0897530E-05,  5.5585547E-03,  2.2693799E+01,  2.1090000E-03
507,  1.2483823E+01,146253,  3.0592463E-05,  5.5310454E-03,  2.2647308E+01,  1.8960000E-03
508,  1.2502709E+01,147715,  3.0290086E-05,  5.5036430E-03,  2.2683084E+01,  2.7880000E-03
509,  1.2463061E+01,149192,  2.9997002E-05,  5.4769519E-03,  2.2607980E+01,  2.9320000E-03
510,  1.2499629E+01,150683,  2.9700332E-05,  5.4498011E-03,  2.2677249E+01,  2.1479998E-03
511,  1.2547685E+01,152189,  2.9424724E-05,  5.4244561E-03,  2.2768278E+01,  1.5210002E-03
512,  1.2517739E+01,153710,  2.9136924E-05,  5.3978629E-03,  2.2711553E+01,  2.7310001E-03
513,  1.2449850E+01,155247,  2.8861569E-05,  5.3722964E-03,  2.2582956E+01,  1.5429999E-03
514,  1.2531607E+01,156799,  2.8584460E-05,  5.3464437E-03,  2.2737823E+01,  8.9400006E-04
515,  1.2474344E+01,158366,  2.8304308E-05,  5.3201793E-03,  2.2629354E+01,  1.5199999E-03
516,  1.2478565E+01,159949,  2.8025858E-05,  5.2939454E-03,  2.2637349E+01,  1.4259999E-03
517,  1.2513301E+01,161548,  2.7750543E-05,  5.2678784E-03,  2.2703148E+01,  1.4530001E-03
518,  1.2510535E+01,163163,  2.7477348E-05,  5.2418840E-03,  2.2697908E+01,  1.3960002E-03
519,  1.2504216E+01,164794,  2.7205913E-05,  5.2159288E-03,  2.2685939E+01,  1.4189999E-03
520,  1.2480425E+01,166441,  2.6937974E-05,  5.1901805E-03,  2.2640872E+01,  1.4209999E-03
521,  1.2530073E+01,168105,  2.6678637E-05,  5.1651366E-03,  2.2734916E+01,  2.7790000E-03
522,  1.2474621E+01,169786,  2.6416950E-05,  5.1397423E-03,  2.2629877E+01,  2.3670001E-03
523,  1.2506063E+01,171483,  2.6156238E-05,  5.1143169E-03,  2.2689437E+01,  1.2889998E-03
524,  1.2490312E+01,173197,  2.5897516E-05,  5.0889602E-03,  2.2659601E+01,  1.3060002E-03
525,  1.2493820E+01,174928,  2.5641254E-05,  5.0637193E-03,  2.2666246E+01,  1.3140000E-03
526,  1.2496224E+01,176677,  2.5387427E-05,  5.0385937E-03,  2.2670799E+01,  1.3480000E-03
527,  1.2490527E+01,178443,  2.5136286E-05,  5.0136101E-03,  2.2660007E+01,  1.5060001E-03
528,  1.2500201E+01,180227,  2.4887619E-05,  4.9887493E-03,  2.2678333E+01,  1.3349999E-03
529,  1.2494130E+01,182029,  2.4641247E-05,  4.9639950E-03,  2.2666833E+01,  1.2250000E-03
530,  1.2481369E+01,183849,  2.4398323E-05,  4.9394658E-03,  2.2642660E+01,  1.2389999E-03
531,  1.2492859E+01,185687,  2.4156842E-05,  4.9149610E-03,  2.2664426E+01,  1.2520000E-03
532,  1.2487850E+01,187543,  2.3918046E-05,  4.8906080E-03,  2.2654936E+01,  1.2689999E-03
533,  1.2529692E+01,189418,  2.3687637E-05,  4.8669947E-03,  2.2734196E+01,  1.3170000E-03
534,  1.2509645E+01,191312,  2.3454240E-05,  4.8429578E-03,  2.2696222E+01,  1.2930001E-03
535,  1.2524156E+01,193225,  2.3226404E-05,  4.8193779E-03,  2.2723708E+01,  1.4060000E-03
536,  1.2496662E+01,195157,  2.2996480E-05,  4.7954645E-03,  2.2671628E+01,  1.2080001E-03
537,  1.2497240E+01,197108,  2.2768879E-05,  4.7716746E-03,  2.2672725E+01,  1.2129999E-03
538,  1.2496429E+01,199079,  2.2543461E-05,  4.7479955E-03,  2.2671188E+01,  1.2220000E-03
539,  1.2491282E+01,201069,  2.2320419E-05,  4.7244490E-03,  2.2661438E+01,  1.2389999E-03
540,  1.2508787E+01,203079,  2.2100416E-05,  4.7011079E-03,  2.2694596E+01,  1.2690001E-03
541,  1.2520637E+01,205109,  2.1884844E-05,  4.6781240E-03,  2.2717044E+01,  1.2100001E-03
542,  1.2494180E+01,207160,  2.1668176E-05,  4.6549088E-03,  2.2666928E+01,  1.1709998E-03
543,  1.2492983E+01,209231,  2.1453723E-05,  4.6318164E-03,  2.2664660E+01,  1.1850002E-03
544,  1.2511174E+01,211323,  2.1242547E-05,  4.6089638E-03,  2.2699119E+01,  1.1980000E-03
545,  1.2465991E+01,213436,  2.1036242E-05,  4.5865283E-03,  2.2613530E+01,  1.2099999E-03
546,  1.2505150E+01,215570,  2.0828458E-05,  4.5638205E-03,  2.2687708E+01,  1.2220000E-03
547,  1.2515329E+01,217725,  2.0624161E-05,  4.5413832E-03,  2.2706989E+01,  1.2260000E-03
548,  1.2518894E+01,219902,  2.0422528E-05,  4.5191291E-03,  2.2713742E+01,  1.1630000E-03
549,  1.2494098E+01,222101,  2.0220331E-05,  4.4967023E-03,  2.2666772E+01,  1.1739999E-03
550,  1.2518343E+01,224322,  2.0022500E-05,  4.4746509E-03,  2.2712698E+01,  1.1900000E-03
551,  1.2503834E+01,226565,  1.9824597E-05,  4.4524821E-03,  2.2685214E+01,  1.2070001E-03
552,  1.2517437E+01,228830,  1.9630502E-05,  4.4306322E-03,  2.2710982E+01,  1.2129999E-03
553,  1.2523390E+01,231118,  1.9439558E-05,  4.4090314E-03,  2.2722258E+01,  1.2389999E-03
554,  1.2494516E+01,233429,  1.9247105E-05,  4.3871522E-03,  2.2667564E+01,  1.2380001E-03
555,  1.2498889E+01,235763,  1.9056613E-05,  4.3653881E-03,  2.2675848E+01,  1.3009999E-03
556,  1.2487367E+01,238120,  1.8868255E-05,  4.3437604E-03,  2.2654023E+01,  1.1730001E-03
557,  1.2481088E+01,240501,  1.8682305E-05,  4.3223032E-03,  2.2642128E+01,  1.1880000E-03
558,  1.2505319E+01,242906,  1.8497738E-05,  4.3008997E-03,  2.2688028E+01,  1.1930000E-03
559,  1.2498395E+01,245335,  1.8314633E-05,  4.2795599E-03,  2.2674911E+01,  1.2069999E-03
560,  1.2490805E+01,247788,  1.8133410E-05,  4.2583341E-03,  2.2660535E+01,  1.2410001E-03
561,  1.2506162E+01,250265,  1.7954396E-05,  4.2372628E-03,  2.2689625E+01,  1.3760000E-03
562,  1.2482654E+01,252767,  1.7777318E-05,  4.2163156E-03,  2.2645094E+01,  1.3610001E-03
563,  1.2506949E+01,255294,  1.7601873E-05,  4.1954586E-03,  2.2691115E+01,  1.2530000E-03
564,  1.2506533E+01,257846,  1.7428139E-05,  4.1747022E-03,  2.2690328E+01,  1.2650001E-03
565,  1.2491126E+01,260424,  1.7255684E-05,  4.1539961E-03,  2.2661142E+01,  1.2810000E-03
566,  1.2489592E+01,263028,  1.7084979E-05,  4.1333980E-03,  2.2658236E+01,  1.2970001E-03
567,  1.2489979E+01,265658,  1.6915949E-05,  4.1129003E-03,  2.2658969E+01,  1.3029999E-03
568,  1.2514737E+01,268314,  1.6749891E-05,  4.0926631E-03,  2.2705867E+01,  1.4100000E-03
569,  1.2501765E+01,270997,  1.6584206E-05,  4.0723711E-03,  2.2681296E+01,  1.3780000E-03
570,  1.2490902E+01,273706,  1.6420139E-05,  4.0521771E-03,  2.2660718E+01,  1.3470000E-03
571,  1.2510142E+01,276443,  1.6258347E-05,  4.0321641E-03,  2.2697163E+01,  1.3590001E-03
572,  1.2511285E+01,279207,  1.6098293E-05,  4.0122678E-03,  2.2699328E+01,  1.3700000E-03
573,  1.2481927E+01,281999,  1.5939558E-05,  3.9924376E-03,  2.2643717E+01,  1.3830001E-03
574,  1.2487424E+01,284819,  1.5781966E-05,  3.9726523E-03,  2.2654129E+01,  1.3969999E-03
575,  1.2490725E+01,287667,  1.5625797E-05,  3.9529479E-03,  2.2660383E+01,  1.4159998E-03
576,  1.2493796E+01,290543,  1.5471130E-05,  3.9333358E-03,  2.2666200E+01,  1.4260001E-03
577,  1.2504567E+01,293448,  1.5318256E-05,  3.9138544E-03,  2.2686603E+01,  1.4449998E-03
578,  1.2495492E+01,296382,  1.5166614E-05,  3.8944337E-03,  2.2669413E+01,  1.4630000E-03
579,  1.2518449E+01,299345,  1.5018253E-05,  3.8753391E-03,  2.2712899E+01,  1.4760001E-03
580,  1.2538591E+01,302338,  1.4875711E-05,  3.8569043E-03,  2.2751052E+01,  1.5479999E-03
581,  1.2500460E+01,305361,  1.4728523E-05,  3.8377757E-03,  2.2678824E+01,  1.5280000E-03
582,  1.2507791E+01,308414,  1.4583207E-05,  3.8187965E-03,  2.2692709E+01,  1.5200002E-03
583,  1.2478252E+01,311498,  1.4439789E-05,  3.7999723E-03,  2.2636756E+01,  1.5370001E-03
584,  1.2512588E+01,314612,  1.4297784E-05,  3.7812410E-03,  2.2701796E+01,  1.5519999E-03
585,  1.2512845E+01,317758,  1.4157161E-05,  3.7626003E-03,  2.2702284E+01,  1.5690001E-03
586,  1.2498295E+01,320935,  1.4017038E-05,  3.7439335E-03,  2.2674722E+01,  1.5809999E-03
587,  1.2491544E+01,324144,  1.3878321E-05,  3.7253619E-03,  2.2661935E+01,  1.6020001E-03
588,  1.2489045E+01,327385,  1.3741062E-05,  3.7068939E-03,  2.2657200E+01,  1.6089999E-03
589,  1.2518144E+01,330658,  1.3606579E-05,  3.6887097E-03,  2.2712321E+01,  1.6369999E-03
590,  1.2502519E+01,333964,  1.3472024E-05,  3.6704256E-03,  2.2682723E+01,  1.6470000E-03
591,  1.2499298E+01,337303,  1.3338702E-05,  3.6522188E-03,  2.2676621E+01,  1.6830000E-03
592,  1.2487848E+01,340676,  1.3206816E-05,  3.6341183E-03,  2.2654933E+01,  1.6780000E-03
593,  1.2488551E+01,344082,  1.3076230E-05,  3.6161071E-03,  2.2656265E+01,  1.6910001E-03
594,  1.2486086E+01,347522,  1.2947055E-05,  3.5982017E-03,  2.2651596E+01,  1.7049999E-03
595,  1.2486113E+01,350997,  1.2819132E-05,  3.5803816E-03,  2.2651646E+01,  1.7250001E-03
596,  1.2491314E+01,354506,  1.2692296E-05,  3.5626249E-03,  2.2661499E+01,  1.7479998E-03
597,  1.2518272E+01,358051,  1.2568064E-05,  3.5451465E-03,  2.2712563E+01,  1.7600001E-03
598,  1.2478838E+01,361631,  1.2444425E-05,  3.5276656E-03,  2.2637866E+01,  1.7829998E-03
599,  1.2491737E+01,365247,  1.2321264E-05,  3.5101658E-03,  2.2662300E+01,  1.7920001E-03
600,  1.2504767E+01,368899,  1.2199513E-05,  3.4927802E-03,  2.2686982E+01,  1.8099998E-03
601,  1.2482308E+01,372588,  1.2079201E-05,  3.4755145E-03,  2.2644438E+01,  4.8479999E-03
602,  1.2502102E+01,376313,  1.1959744E-05,  3.4582863E-03,  2.2681933E+01,  4.8900000E-03
603,  1.2503705E+01,380076,  1.1841507E-05,  3.4411490E-03,  2.2684969E+01,  7.3670000E-03
604,  1.2499935E+01,383876,  1.1724335E-05,  3.4240817E-03,  2.2677828E+01,  4.9840000E-03
605,  1.2515668E+01,387714,  1.1609308E-05,  3.4072435E-03,  2.2707631E+01,  3.0729999E-03
606,  1.2479202E+01,391591,  1.1495060E-05,  3.3904365E-03,  2.2638555E+01,  5.4430000E-03
607,  1.2511959E+01,395506,  1.1381945E-05,  3.3737139E-03,  2.2700606E+01,  3.3960000E-03
608,  1.2508352E+01,399461,  1.1269656E-05,  3.3570309E-03,  2.2693772E+01,  3.8320001E-03
609,  1.2469927E+01,403455,  1.1159735E-05,  3.3406189E-03,  2.2620986E+01,  3.2560001E-03
610,  1.2522232E+01,407489,  1.1050988E-05,  3.3243027E-03,  2.2720064E+01,  3.1209998E-03
611,  1.2498395E+01,411563,  1.0941614E-05,  3.3078110E-03,  2.2674911E+01,  3.1380001E-03
612,  1.2509007E+01,415678,  1.0833723E-05,  3.2914621E-03,  2.2695014E+01,  3.0620000E-03
613,  1.2511187E+01,419834,  1.0727047E-05,  3.2752171E-03,  2.2699143E+01,  2.8180000E-03
614,  1.2494910E+01,424032,  1.0620848E-05,  3.2589643E-03,  2.2668311E+01,  2.8460000E-03
615,  1.2486359E+01,428272,  1.0515904E-05,  3.2428235E-03,  2.2652112E+01,  2.7979999E-03
616,  1.2509130E+01,432554,  1.0412218E-05,  3.2267969E-03,  2.2695246E+01,  2.6580000E-03
617,  1.2500484E+01,436879,  1.0309191E-05,  3.2107929E-03,  2.2678869E+01,  2.7280001E-03
618,  1.2477026E+01,441247,  1.0207931E-05,  3.1949853E-03,  2.2634433E+01,  2.6529999E-03
619,  1.2516718E+01,445659,  1.0107861E-05,  3.1792862E-03,  2.2709620E+01,  2.5360000E-03
620,  1.2499249E+01,450115,  1.0007823E-05,  3.1635143E-03,  2.2676530E+01,  2.5540001E-03
621,  1.2514482E+01,454616,  9.9095077E-06,  3.1479371E-03,  2.2705384E+01,  2.4970002E-03
622,  1.2500851E+01,459162,  9.8114526E-06,  3.1323238E-03,  2.2679564E+01,  2.4269999E-03
623,  1.2504314E+01,463753,  9.7144782E-06,  3.1168058E-03,  2.2686123E+01,  2.4570001E-03
624,  1.2477536E+01,468390,  9.6190182E-06,  3.1014542E-03,  2.2635399E+01,  2.4780000E-03
625,  1.2486758E+01,473073,  9.5239704E-06,  3.0860931E-03,  2.2652869E+01,  2.4480000E-03
626,  1.2507423E+01,477803,  9.4299715E-06,  3.0708259E-03,  2.2692014E+01,  2.3439999E-03
627,  1.2484619E+01,482581,  9.3368641E-06,  3.0556283E-03,  2.2648816E+01,  2.3699999E-03
628,  1.2492999E+01,487406,  9.2444508E-06,  3.0404689E-03,  2.2664690E+01,  2.3960001E-03
629,  1.2495150E+01,492280,  9.1529233E-06,  3.0253799E-03,  2.2668764E+01,  2.5320000E-03
630,  1.2506591E+01,497202,  9.0625500E-06,  3.0104069E-03,  2.2690438E+01,  2.4389999E-03
631,  1.2497331E+01,502174,  8.9728267E-06,  2.9954677E-03,  2.2672896E+01,  2.4780000E-03
632,  1.2507273E+01,507195,  8.8842593E-06,  2.9806475E-03,  2.2691729E+01,  2.5450001E-03
633,  1.2488656E+01,512266,  8.7964121E-06,  2.9658746E-03,  2.2656464E+01,  2.5130000E-03
634,  1.2495152E+01,517388,  8.7093306E-06,  2.9511575E-03,  2.2668769E+01,  2.5380000E-03
635,  1.2507924E+01,522561,  8.6233952E-06,  2.9365618E-03,  2.2692961E+01,  2.5680000E-03
636,  1.2488763E+01,527786,  8.5381187E-06,  2.9220059E-03,  2.2656666E+01,  2.6150001E-03
637,  1.2491436E+01,533063,  8.4536321E-06,  2.9075130E-03,  2.2661730E+01,  2.6150001E-03
638,  1.2499214E+01,538393,  8.3699641E-06,  2.8930890E-03,  2.2676464E+01,  2.6469999E-03
639,  1.2501641E+01,543776,  8.2871698E-06,  2.8787445E-03,  2.2681059E+01,  2.6970000E-03
640,  1.2492723E+01,549213,  8.2051471E-06,  2.8644628E-03,  2.2664168E+01,  2.6950000E-03
641,  1.2527303E+01,554705,  8.1256956E-06,  2.8505606E-03,  2.2729670E+01,  2.7689999E-03
642,  1.2491336E+01,560252,  8.0452801E-06,  2.8364203E-03,  2.2661541E+01,  2.7490000E-03
643,  1.2491541E+01,565854,  7.9656638E-06,  2.8223508E-03,  2.2661929E+01,  2.7790000E-03
644,  1.2514052E+01,571512,  7.8873826E-06,  2.8084484E-03,  2.2704570E+01,  2.8290001E-03
645,  1.2491159E+01,577227,  7.8093296E-06,  2.7945178E-03,  2.2661205E+01,  2.8730000E-03
646,  1.2508072E+01,582999,  7.7322683E-06,  2.7806957E-03,  2.2693241E+01,  2.8630001E-03
647,  1.2501597E+01,588829,  7.6557664E-06,  2.7669056E-03,  2.2680977E+01,  2.8879999E-03
648,  1.2502275E+01,594717,  7.5800388E-06,  2.7531870E-03,  2.2682261E+01,  2.9180001E-03
649,  1.2503244E+01,600664,  7.5050806E-06,  2.7395402E-03,  2.2684097E+01,  2.9469999E-03
650,  1.2500729E+01,606670,  7.4308188E-06,  2.7259528E-03,  2.2679333E+01,  2.9430001E-03
651,  1.2507409E+01,612736,  7.3574698E-06,  2.7124656E-03,  2.2691986E+01,  2.9279999E-03
652,  1.2501724E+01,618863,  7.2846818E-06,  2.6990150E-03,  2.2681218E+01,  2.9539999E-03
653,  1.2514438E+01,625051,  7.2131098E-06,  2.6857233E-03,  2.2705300E+01,  2.9720000E-03
654,  1.2492036E+01,631301,  7.1417230E-06,  2.6724002E-03,  2.2662867E+01,  2.9920000E-03
655,  1.2488038E+01,637614,  7.0711113E-06,  2.6591561E-03,  2.2655293E+01,  3.1100002E-03
656,  1.2522570E+01,643990,  7.0022001E-06,  2.6461671E-03,  2.2720705E+01,  3.0990001E-03
657,  1.2511797E+01,650429,  6.9332642E-06,  2.6331092E-03,  2.2700299E+01,  3.0990001E-03
658,  1.2511699E+01,656933,  6.8649947E-06,  2.6201135E-03,  2.2700113E+01,  3.1239998E-03
659,  1.2489854E+01,663502,  6.7970854E-06,  2.6071220E-03,  2.2658733E+01,  3.1520000E-03
660,  1.2502878E+01,670137,  6.7298574E-06,  2.5941969E-03,  2.2683404E+01,  3.1860000E-03
661,  1.2503201E+01,676838,  6.6633043E-06,  2.5813377E-03,  2.2684016E+01,  3.2210001E-03
662,  1.2511455E+01,683606,  6.5976810E-06,  2.5685951E-03,  2.2699651E+01,  3.2720000E-03
663,  1.2492493E+01,690442,  6.5323765E-06,  2.5558514E-03,  2.2663731E+01,  3.2830001E-03
664,  1.2490590E+01,697346,  6.4677463E-06,  2.5431764E-03,  2.2660128E+01,  3.3100001E-03
665,  1.2503729E+01,704319,  6.4037966E-06,  2.5305724E-03,  2.2685015E+01,  3.3570000E-03
666,  1.2506927E+01,711362,  6.3405596E-06,  2.5180468E-03,  2.2691072E+01,  3.4960001E-03
667,  1.2500310E+01,718475,  6.2778119E-06,  2.5055562E-03,  2.2678539E+01,  3.4289998E-03
668,  1.2490743E+01,725659,  6.2157011E-06,  2.4931308E-03,  2.2660416E+01,  3.4790002E-03
669,  1.2483497E+01,732915,  6.1543804E-06,  2.4808024E-03,  2.2646692E+01,  3.4880000E-03
670,  1.2498391E+01,740244,  6.0934544E-06,  2.4684923E-03,  2.2674904E+01,  3.5300001E-03
671,  1.2504875E+01,747646,  6.0332300E-06,  2.4562634E-03,  2.2687185E+01,  3.5589999E-03
672,  1.2488287E+01,755122,  5.9735791E-06,  2.4440906E-03,  2.2655765E+01,  3.6870001E-03
673,  1.2503763E+01,762673,  5.9145137E-06,  2.4319773E-03,  2.2685080E+01,  3.6509999E-03
674,  1.2493372E+01,770299,  5.8559692E-06,  2.4199110E-03,  2.2665396E+01,  3.6560001E-03
675,  1.2495703E+01,778002,  5.7979894E-06,  2.4079014E-03,  2.2669812E+01,  3.7029998E-03
676,  1.2497971E+01,785782,  5.7405881E-06,  2.3959525E-03,  2.2674109E+01,  3.7290000E-03
677,  1.2494263E+01,793639,  5.6837606E-06,  2.3840639E-03,  2.2667085E+01,  3.8090001E-03
678,  1.2503529E+01,801575,  5.6275575E-06,  2.3722474E-03,  2.2684636E+01,  3.8059999E-03
679,  1.2487048E+01,809590,  5.5719451E-06,  2.3604968E-03,  2.2653418E+01,  3.8550000E-03
680,  1.2505467E+01,817685,  5.5168909E-06,  2.3488063E-03,  2.2688309E+01,  3.9019999E-03
681,  1.2500074E+01,825861,  5.4622930E-06,  2.3371549E-03,  2.2678093E+01,  4.0230001E-03
682,  1.2507472E+01,834119,  5.4083696E-06,  2.3255902E-03,  2.2692106E+01,  3.9760000E-03
683,  1.2510941E+01,842460,  5.3550830E-06,  2.3141052E-03,  2.2698678E+01,  4.0279999E-03
684,  1.2505424E+01,850884,  5.3021672E-06,  2.3026435E-03,  2.2688227E+01,  4.0430001E-03
685,  1.2498292E+01,859392,  5.2496809E-06,  2.2912182E-03,  2.2674717E+01,  4.0869999E-03
686,  1.2485239E+01,867985,  5.1978464E-06,  2.2798786E-03,  2.2649991E+01,  4.1280000E-03
687,  1.2493187E+01,876664,  5.1463975E-06,  2.2685673E-03,  2.2665046E+01,  4.1660001E-03
688,  1.2491629E+01,885430,  5.0954695E-06,  2.2573147E-03,  2.2662095E+01,  4.2630001E-03
689,  1.2504593E+01,894284,  5.0451010E-06,  2.2461302E-03,  2.2686652E+01,  4.3490001E-03
690,  1.2494258E+01,903226,  4.9951580E-06,  2.2349850E-03,  2.2667076E+01,  4.2949999E-03
691,  1.2502097E+01,912258,  4.9457412E-06,  2.2239023E-03,  2.2681925E+01,  4.3390000E-03
692,  1.2501639E+01,921380,  4.8968092E-06,  2.2128735E-03,  2.2681057E+01,  4.3770000E-03
693,  1.2487505E+01,930593,  4.8484104E-06,  2.2019106E-03,  2.2654283E+01,  4.4400000E-03
694,  1.2506314E+01,939898,  4.8005209E-06,  2.1910091E-03,  2.2689912E+01,  4.4779999E-03
695,  1.2495733E+01,949297,  4.7529911E-06,  2.1801356E-03,  2.2669869E+01,  4.5139999E-03
696,  1.2499774E+01,958789,  4.7059501E-06,  2.1693202E-03,  2.2677523E+01,  4.6800000E-03
697,  1.2491030E+01,968376,  4.6593879E-06,  2.1585615E-03,  2.2660961E+01,  4.5980001E-03
698,  1.2500513E+01,978059,  4.6132783E-06,  2.1478543E-03,  2.2678923E+01,  4.6440000E-03
699,  1.2503619E+01,987839,  4.5676612E-06,  2.1372087E-03,  2.2684808E+01,  4.7769998E-03
700,  1.2503149E+01,997717,  4.5224873E-06,  2.1266140E-03,  2.2683917E+01,  4.8010000E-03
701,  1.2495918E+01,1007694,  4.4777110E-06,  2.1160602E-03,  2.2670220E+01,  1.5387000E-02
702,  1.2491940E+01,1017770,  4.4333989E-06,  2.1055638E-03,  2.2662685E+01,  1.0025000E-02
703,  1.2492964E+01,1027947,  4.3895168E-06,  2.0951174E-03,  2.2664624E+01,  1.0380000E-02
704,  1.2504368E+01,1038226,  4.3461228E-06,  2.0847357E-03,  2.2686226E+01,  8.2730001E-03
705,  1.2493476E+01,1048608,  4.3030999E-06,  2.0743914E-03,  2.2665594E+01,  7.6810000E-03
706,  1.2517318E+01,1059094,  4.2609166E-06,  2.0641988E-03,  2.2710757E+01,  7.0489999E-03
707,  1.2498036E+01,1069684,  4.2187361E-06,  2.0539562E-03,  2.2674232E+01,  7.4870002E-03
708,  1.2503825E+01,1080380,  4.1770232E-06,  2.0437767E-03,  2.2685197E+01,  6.1450000E-03
709,  1.2498022E+01,1091183,  4.1356725E-06,  2.0336353E-03,  2.2674205E+01,  5.8620002E-03
710,  1.2516037E+01,1102094,  4.0950841E-06,  2.0236314E-03,  2.2708330E+01,  5.7840000E-03
711,  1.2499151E+01,1113114,  4.0545496E-06,  2.0135912E-03,  2.2676344E+01,  5.4629999E-03
712,  1.2501736E+01,1124245,  4.0144327E-06,  2.0036049E-03,  2.2681241E+01,  5.5530001E-03
713,  1.2496772E+01,1135487,  3.9746876E-06,  1.9936619E-03,  2.2671837E+01,  5.6280000E-03
714,  1.2499863E+01,1146841,  3.9353485E-06,  1.9837713E-03,  2.2677693E+01,  5.6349998E-03
715,  1.2504056E+01,1158309,  3.8964383E-06,  1.9739398E-03,  2.2685636E+01,  5.6860000E-03
716,  1.2504475E+01,1169892,  3.8579173E-06,  1.9641582E-03,  2.2686428E+01,  5.7490000E-03
717,  1.2507007E+01,1181590,  3.8198201E-06,  1.9544360E-03,  2.2691224E+01,  5.8090000E-03
718,  1.2502590E+01,1193405,  3.7820359E-06,  1.9447457E-03,  2.2682858E+01,  5.8810001E-03
719,  1.2497673E+01,1205339,  3.7445917E-06,  1.9350947E-03,  2.2673545E+01,  6.0089999E-03
720,  1.2489730E+01,1217392,  3.7075533E-06,  1.9255008E-03,  2.2658497E+01,  5.9819999E-03
721,  1.2488807E+01,1229565,  3.6708932E-06,  1.9159575E-03,  2.2656749E+01,  6.0360001E-03
722,  1.2501684E+01,1241860,  3.6345729E-06,  1.9064556E-03,  2.2681141E+01,  5.9990000E-03
723,  1.2505287E+01,1254278,  3.5986530E-06,  1.8970116E-03,  2.2687967E+01,  5.9880002E-03
724,  1.2503049E+01,1266820,  3.5630607E-06,  1.8876071E-03,  2.2683728E+01,  6.0780002E-03
725,  1.2502543E+01,1279488,  3.5278135E-06,  1.8782475E-03,  2.2682770E+01,  6.1340001E-03
726,  1.2498854E+01,1292282,  3.4928919E-06,  1.8689280E-03,  2.2675782E+01,  6.1919999E-03
727,  1.2502634E+01,1305204,  3.4583413E-06,  1.8596616E-03,  2.2682941E+01,  6.2380000E-03
728,  1.2500315E+01,1318256,  3.4241123E-06,  1.8504357E-03,  2.2678548E+01,  6.2899999E-03
729,  1.2500941E+01,1331438,  3.3902274E-06,  1.8412570E-03,  2.2679735E+01,  6.3400001E-03
730,  1.2504504E+01,1344752,  3.3567110E-06,  1.8321329E-03,  2.2686484E+01,  6.4900001E-03
731,  1.2504090E+01,1358199,  3.3235213E-06,  1.8230527E-03,  2.2685700E+01,  6.4500000E-03
732,  1.2501661E+01,1371781,  3.2906354E-06,  1.8140109E-03,  2.2681098E+01,  6.5390000E-03
733,  1.2496616E+01,1385498,  3.2580568E-06,  1.8050088E-03,  2.2671541E+01,  6.6710000E-03
734,  1.2497853E+01,1399353,  3.2258003E-06,  1.7960513E-03,  2.2673885E+01,  6.7120001E-03
735,  1.2498794E+01,1413346,  3.1938669E-06,  1.7871393E-03,  2.2675668E+01,  6.7360001E-03
736,  1.2503890E+01,1427479,  3.1622848E-06,  1.7782814E-03,  2.2685321E+01,  6.8330001E-03
737,  1.2491261E+01,1441753,  3.1309950E-06,  1.7694618E-03,  2.2661399E+01,  6.8570001E-03
738,  1.2505285E+01,1456170,  3.1000504E-06,  1.7606960E-03,  2.2687962E+01,  7.0950000E-03
739,  1.2495692E+01,1470731,  3.0693586E-06,  1.7519585E-03,  2.2669791E+01,  6.9760000E-03
740,  1.2508598E+01,1485438,  3.0390694E-06,  1.7432927E-03,  2.2694239E+01,  7.1190000E-03
741,  1.2497873E+01,1500292,  3.0089818E-06,  1.7346417E-03,  2.2673922E+01,  7.1320001E-03
742,  1.2495618E+01,1515294,  2.9791921E-06,  1.7260336E-03,  2.2669651E+01,  7.2900001E-03
743,  1.2490313E+01,1530446,  2.9497213E-06,  1.7174753E-03,  2.2659602E+01,  7.3149998E-03
744,  1.2499860E+01,1545750,  2.9205247E-06,  1.7089543E-03,  2.2677687E+01,  7.3820001E-03
745,  1.2507238E+01,1561207,  2.8916843E-06,  1.7004953E-03,  2.2691662E+01,  7.4479999E-03
746,  1.2499072E+01,1576819,  2.8630583E-06,  1.6920574E-03,  2.2676195E+01,  7.5070001E-03
747,  1.2492247E+01,1592587,  2.8347225E-06,  1.6836634E-03,  2.2663267E+01,  7.6830001E-03
748,  1.2500706E+01,1608512,  2.8066688E-06,  1.6753116E-03,  2.2679289E+01,  7.6620001E-03
749,  1.2499627E+01,1624597,  2.7788864E-06,  1.6669992E-03,  2.2677246E+01,  7.8410001E-03
750,  1.2503506E+01,1640843,  2.7514030E-06,  1.6587354E-03,  2.2684594E+01,  7.6979999E-03
751,  1.2499705E+01,1657251,  2.7241684E-06,  1.6505055E-03,  2.2677393E+01,  7.8040001E-03
752,  1.2508993E+01,1673823,  2.6972910E-06,  1.6423432E-03,  2.2694987E+01,  7.7050000E-03
753,  1.2483548E+01,1690561,  2.6706842E-06,  1.6342228E-03,  2.2646789E+01,  7.8570000E-03
754,  1.2497425E+01,1707466,  2.6442433E-06,  1.6261129E-03,  2.2673074E+01,  7.8419999E-03
755,  1.2504188E+01,1724540,  2.6180982E-06,  1.6180538E-03,  2.2685886E+01,  8.0750000E-03
756,  1.2502837E+01,1741785,  2.5922003E-06,  1.6100312E-03,  2.2683326E+01,  8.0009999E-03
757,  1.2505467E+01,1759202,  2.5665821E-06,  1.6020556E-03,  2.2688308E+01,  8.2479999E-03
758,  1.2500958E+01,1776794,  2.5411816E-06,  1.5941084E-03,  2.2679766E+01,  8.1460001E-03
759,  1.2499412E+01,1794561,  2.5160274E-06,  1.5861991E-03,  2.2676838E+01,  8.4040000E-03
760,  1.2498923E+01,1812506,  2.4911203E-06,  1.5783283E-03,  2.2675911E+01,  8.3309999E-03
761,  1.2498272E+01,1830631,  2.4664576E-06,  1.5704960E-03,  2.2674680E+01,  8.6400001E-03
762,  1.2508459E+01,1848937,  2.4421148E-06,  1.5627267E-03,  2.2693974E+01,  8.4970000E-03
763,  1.2508825E+01,1867426,  2.4180169E-06,  1.5549974E-03,  2.2694669E+01,  8.7420000E-03
764,  1.2498166E+01,1886100,  2.3940778E-06,  1.5472808E-03,  2.2674478E+01,  8.6769999E-03
765,  1.2491076E+01,1904961,  2.3703897E-06,  1.5396070E-03,  2.2661047E+01,  8.9199999E-03
766,  1.2509946E+01,1924010,  2.3470147E-06,  1.5319970E-03,  2.2696791E+01,  8.8559999E-03
767,  1.2500204E+01,1943250,  2.3237839E-06,  1.5243962E-03,  2.2678338E+01,  9.0890001E-03
768,  1.2509672E+01,1962682,  2.3008642E-06,  1.5168600E-03,  2.2696272E+01,  9.0600001E-03
769,  1.2501389E+01,1982308,  2.2780960E-06,  1.5093363E-03,  2.2680582E+01,  9.2680000E-03
770,  1.2499453E+01,2002131,  2.2555448E-06,  1.5018471E-03,  2.2676916E+01,  9.3220000E-03
771,  1.2499726E+01,2022152,  2.2332179E-06,  1.4943955E-03,  2.2677433E+01,  9.3910000E-03
772,  1.2496440E+01,2042373,  2.2111074E-06,  1.4869793E-03,  2.2671209E+01,  9.5420000E-03
773,  1.2505873E+01,2062796,  2.1892578E-06,  1.4796141E-03,  2.2689076E+01,  9.4999999E-03
774,  1.2500693E+01,2083424,  2.1675900E-06,  1.4722737E-03,  2.2679265E+01,  9.7670001E-03
775,  1.2506090E+01,2104258,  2.1461717E-06,  1.4649818E-03,  2.2689487E+01,  9.6940000E-03
776,  1.2490001E+01,2125300,  2.1249436E-06,  1.4577186E-03,  2.2659011E+01,  9.9230001E-03
777,  1.2503712E+01,2146553,  2.1039280E-06,  1.4504923E-03,  2.2684984E+01,  9.9809999E-03
778,  1.2498823E+01,2168018,  2.0830998E-06,  1.4432948E-03,  2.2675723E+01,  1.0012000E-02
779,  1.2504604E+01,2189698,  2.0625043E-06,  1.4361422E-03,  2.2686673E+01,  1.0236000E-02
780,  1.2508385E+01,2211595,  2.0421458E-06,  1.4290367E-03,  2.2693834E+01,  1.0197000E-02
781,  1.2500000E+01,2233711,  2.0219316E-06,  1.4219464E-03,  2.2677953E+01,  1.0398000E-02
782,  1.2502284E+01,2256048,  2.0019266E-06,  1.4148946E-03,  2.2682279E+01,  1.0520000E-02
783,  1.2488122E+01,2278608,  1.9821379E-06,  1.4078842E-03,  2.2655452E+01,  1.0482000E-02
784,  1.2497643E+01,2301394,  1.9625132E-06,  1.4008973E-03,  2.2673488E+01,  1.0771000E-02
785,  1.2500038E+01,2324408,  1.9430873E-06,  1.3939467E-03,  2.2678025E+01,  1.0760000E-02
786,  1.2500954E+01,2347652,  1.9238567E-06,  1.3870316E-03,  2.2679759E+01,  1.0826000E-02
787,  1.2498552E+01,2371128,  1.9048106E-06,  1.3801488E-03,  2.2675209E+01,  1.1069000E-02
788,  1.2491454E+01,2394839,  1.8859626E-06,  1.3733035E-03,  2.2661764E+01,  1.1124000E-02
789,  1.2499563E+01,2418787,  1.8672935E-06,  1.3664895E-03,  2.2677124E+01,  1.1144000E-02
790,  1.2498681E+01,2442974,  1.8488078E-06,  1.3597087E-03,  2.2675453E+01,  1.1397000E-02
791,  1.2509475E+01,2467403,  1.8305698E-06,  1.3529855E-03,  2.2695901E+01,  1.1497000E-02
792,  1.2505767E+01,2492077,  1.8124785E-06,  1.3462832E-03,  2.2688875E+01,  1.1473000E-02
793,  1.2496513E+01,2516997,  1.7945337E-06,  1.3396021E-03,  2.2671348E+01,  1.1706000E-02
794,  1.2506555E+01,2542167,  1.7768043E-06,  1.3329682E-03,  2.2690368E+01,  1.1800000E-02
795,  1.2509425E+01,2567588,  1.7592757E-06,  1.3263769E-03,  2.2695805E+01,  1.1826000E-02
796,  1.2496477E+01,2593263,  1.7418577E-06,  1.3197946E-03,  2.2671278E+01,  1.2043000E-02
797,  1.2499656E+01,2619195,  1.7246153E-06,  1.3132461E-03,  2.2677300E+01,  1.2208000E-02
798,  1.2502902E+01,2645387,  1.7075543E-06,  1.3067342E-03,  2.2683449E+01,  1.2307000E-02
799,  1.2504183E+01,2671840,  1.6906692E-06,  1.3002573E-03,  2.2685876E+01,  1.2331000E-02
800,  1.2507271E+01,2698558,  1.6739712E-06,  1.2938204E-03,  2.2691724E+01,  1.2631000E-02
